Mooring Name,Latitude,Longitude,Date,Time,xCO2 SW (wet) (umol/mol),CO2 SW QF,H2O SW (mmol/mol),xCO2 Air (wet) (umol/mol),CO2 Air QF,H2O Air (mmol/mol),Licor Atm Pressure (hPa),Licor Temp (C),MAPCO2 %O2,SST (C),Salinity,xCO2 SW (dry) (umol/mol),xCO2 Air (dry) (umol/mol),fCO2 SW (sat) (uatm),fCO2 Air (sat) (uatm),dfCO2,pCO2 SW (sat) (uatm),pCO2 Air (sat) (uatm),dpCO2,pH (total scale),pH QF,CHL (ug/l),CHL QF,NTU (NTU),NTU QF,DOXY (umol/kg),DOXY QF
GRAYSRF_81W_31N,31.399,-80.869,6/1/17,20:17,435.5,2,9.93,415.3,2,8.61,1017,30.1,113.82,-999,-999,439.8,418.9,-999,-999,-999,-999,-999,-999,-999,5,-999,5,-999,5,-999,5
GRAYSRF_81W_31N,31.399,-80.869,6/1/17,20:47,419.3,2,8.97,416.6,2,7.5,1016.7,30.6,111.25,-999,-999,423.1,419.7,-999,-999,-999,-999,-999,-999,-999,5,-999,5,-999,5,-999,5
GRAYSRF_81W_31N,31.399,-80.869,6/1/17,21:17,414.2,2,8.91,416.1,2,7.43,1016.7,30.8,109.35,-999,-999,417.9,419.2,-999,-999,-999,-999,-999,-999,-999,5,-999,5,-999,5,-999,5
GRAYSRF_81W_31N,31.399,-80.869,6/1/17,21:47,409.4,2,8.67,416.6,2,7.22,1016.9,30.9,107.66,-999,-999,413,419.6,-999,-999,-999,-999,-999,-999,-999,5,-999,5,-999,5,-999,5
GRAYSRF_81W_31N,31.399,-80.869,6/1/17,22:17,406.7,2,8.42,416.2,2,7.14,1016.8,30.9,106.44,-999,-999,410.1,419.2,-999,-999,-999,-999,-999,-999,-999,5,-999,5,-999,5,-999,5
GRAYSRF_81W_31N,31.399,-80.869,6/1/17,22:47,404.7,2,8.25,417.2,2,7.05,1016.7,30.8,105.43,-999,-999,408.1,420.1,-999,-999,-999,-999,-999,-999,-999,5,-999,5,-999,5,-999,5
GRAYSRF_81W_31N,31.399,-80.869,6/1/17,23:47,406.6,2,8.88,413.8,2,7.88,1016.7,30,104.59,26.338,36.594,410.2,417.1,396.8,403.4,-6.6,398,404.7,-6.7,-999,5,-999,5,0.405,2,213.8,2
GRAYSRF_81W_31N,31.399,-80.869,6/2/17,0:17,407.2,2,8.01,414.2,2,7.06,1016.9,29.9,103.97,26.315,36.608,410.4,417.2,397.1,403.6,-6.5,398.3,404.9,-6.5,-999,5,-999,5,0.359,2,213.3,2
GRAYSRF_81W_31N,31.399,-80.869,6/2/17,0:47,406.9,2,7.94,414.5,2,7.1,1017.1,29.7,103.29,26.284,36.632,410.1,417.4,396.9,403.9,-7.1,398.1,405.2,-7.1,-999,5,-999,5,0.353,2,212.8,2
GRAYSRF_81W_31N,31.399,-80.869,6/2/17,1:17,407.9,2,7.92,415.9,2,7.19,1017.4,29.5,102.9,26.251,36.652,411.2,418.9,398,405.5,-7.5,399.3,406.8,-7.5,-999,5,-999,5,0.348,2,212.9,2
GRAYSRF_81W_31N,31.399,-80.869,6/2/17,1:47,406.1,2,7.86,415.7,2,7.16,1017.6,29.4,102.46,26.201,36.657,409.3,418.7,396.3,405.4,-9.1,397.6,406.7,-9.1,-999,5,-999,5,0.416,2,212.3,2
GRAYSRF_81W_31N,31.399,-80.869,6/2/17,2:17,404.9,2,7.88,416.9,2,7.24,1018.3,29.2,102.15,26.172,36.653,408.2,420,395.5,407,-11.5,396.8,408.3,-11.5,-999,5,0.635,2,0.365,2,212.5,2
GRAYSRF_81W_31N,31.399,-80.869,6/2/17,2:47,403.8,2,7.83,417.3,2,7.23,1018.3,29,102,26.137,36.644,407,420.4,394.5,407.4,-12.9,395.7,408.7,-13,-999,5,0.657,2,0.358,2,212.5,2
GRAYSRF_81W_31N,31.399,-80.869,6/2/17,3:17,404,2,7.76,416.9,2,7.23,1018,28.8,101.71,26.134,36.625,407.2,420,394.5,406.9,-12.4,395.7,408.2,-12.4,-999,5,0.659,2,0.382,2,211.7,2
GRAYSRF_81W_31N,31.399,-80.869,6/2/17,6:17,407.7,2,8.8,410,2,8.29,1016.6,26.9,101.39,26.086,36.53,411.4,413.4,398,400,-2,399.3,401.3,-2,-999,5,0.51,2,0.37,2,210.3,2
GRAYSRF_81W_31N,31.399,-80.869,6/2/17,9:17,409.8,2,8.56,420.9,2,8.12,1015.9,26.5,101,25.973,36.575,413.3,424.3,399.7,410.3,-10.6,401,411.6,-10.6,-999,5,-999,5,0.423,2,208.2,2
GRAYSRF_81W_31N,31.399,-80.869,6/2/17,12:17,418.5,2,8.79,418.1,2,8.17,1018.1,26.2,100.63,26.097,36.643,422.2,421.5,409.1,408.5,0.7,410.4,409.8,0.7,-999,5,-999,5,0.452,2,207.4,2
GRAYSRF_81W_31N,31.399,-80.869,6/2/17,15:17,416.5,2,9.04,411.6,2,8.2,1018.2,27.3,100.45,26.174,36.647,420.3,415,407.2,402.1,5.1,408.5,403.4,5.1,-999,5,-999,5,0.373,2,207.6,2
GRAYSRF_81W_31N,31.399,-80.869,6/2/17,18:17,411.5,2,8.84,404.8,2,7.7,1017.3,26.7,100.24,26.076,36.601,415.2,407.9,402,395,7,403.3,396.2,7.1,-999,5,-999,5,0.381,2,208.4,2
GRAYSRF_81W_31N,31.399,-80.869,6/2/17,21:17,414.1,2,9.16,403.7,2,7.88,1015.9,26.6,100.14,26.163,36.593,417.9,406.9,404,393.4,10.6,405.3,394.6,10.6,-999,5,-999,5,0.377,2,208.4,2
GRAYSRF_81W_31N,31.399,-80.869,6/3/17,0:17,413.9,2,8.88,405.9,2,7.88,1016.4,27.5,100.03,26.184,36.619,417.6,409.1,404,395.7,8.2,405.2,397,8.3,-999,5,-999,5,0.399,2,210.4,2
GRAYSRF_81W_31N,31.399,-80.869,6/3/17,3:17,413.4,2,8.57,405.5,2,7.85,1017,26.9,99.95,26.131,36.625,416.9,408.7,403.6,395.5,8,404.8,396.8,8,-999,5,0.695,2,0.4,2,209.1,2
GRAYSRF_81W_31N,31.399,-80.869,6/3/17,6:17,412.6,2,8.43,412.4,2,7.89,1016,26.4,99.77,26.073,36.597,416.1,415.7,402.3,402,0.4,403.6,403.2,0.4,-999,5,0.542,2,0.392,2,207.3,2
GRAYSRF_81W_31N,31.399,-80.869,6/3/17,9:17,411.4,2,8.22,411.1,2,7.63,1015.7,25.9,99.68,26.037,36.587,414.8,414.2,401,400.5,0.6,402.3,401.7,0.6,-999,5,-999,5,0.368,2,206.2,2
GRAYSRF_81W_31N,31.399,-80.869,6/3/17,12:17,420.1,2,9.06,410.5,2,8.48,1017.6,25.8,99.62,26.086,36.602,423.9,414,410.6,401,9.6,411.9,402.2,9.6,-999,5,-999,5,0.382,2,204.2,2
GRAYSRF_81W_31N,31.399,-80.869,6/3/17,15:17,429.3,2,9.46,411.4,2,8.56,1017.7,28.9,99.49,26.369,36.628,433.4,414.9,419.6,401.7,17.9,420.9,402.9,18,-999,5,-999,5,0.364,2,205.6,2
GRAYSRF_81W_31N,31.399,-80.869,6/3/17,18:17,420,2,9.39,404.7,2,8.36,1016.7,28.3,99.49,26.5,36.593,424,408.1,410,394.6,15.4,411.3,395.9,15.4,-999,5,-999,5,0.382,2,208.3,2
GRAYSRF_81W_31N,31.399,-80.869,6/3/17,21:17,418.7,2,9.67,403.8,2,8.61,1015.3,28.3,99.48,26.552,36.597,422.8,407.3,408.2,393.2,14.9,409.4,394.5,15,-999,5,-999,5,0.383,2,207.7,2
GRAYSRF_81W_31N,31.399,-80.869,6/4/17,0:17,414.5,2,8.93,404.4,2,8.32,1015.4,27.5,99.57,26.36,36.591,418.3,407.8,404,393.9,10.1,405.3,395.1,10.1,-999,5,-999,5,0.389,2,209.1,2
GRAYSRF_81W_31N,31.399,-80.869,6/4/17,3:17,413.8,2,8.51,404.7,2,8.1,1017.1,26.6,99.62,26.339,36.591,417.4,408,403.8,394.8,9.1,405.1,396,9.1,-999,5,0.566,2,0.418,2,209.7,2
GRAYSRF_81W_31N,31.399,-80.869,6/4/17,6:17,412.6,2,8.4,404.9,2,7.97,1015.4,26.3,99.57,26.265,36.598,416.1,408.1,402,394.3,7.7,403.3,395.5,7.8,-999,5,0.517,2,0.44,2,208.5,2
GRAYSRF_81W_31N,31.399,-80.869,6/4/17,9:17,415.4,2,8.29,404.8,2,7.9,1015.1,26,99.46,26.174,36.597,418.9,408.1,404.6,394.2,10.4,405.9,395.4,10.5,-999,5,-999,5,0.4,2,206.3,2
GRAYSRF_81W_31N,31.399,-80.869,6/4/17,12:17,421.9,2,9.61,403.5,2,9.15,1016.1,26.4,99.42,26.214,36.597,426,407.2,411.9,393.7,18.2,413.2,394.9,18.3,-999,5,-999,5,0.429,2,205.4,2
GRAYSRF_81W_31N,31.399,-80.869,6/4/17,15:17,427.5,2,9.95,403.2,2,8.78,1016.1,30.3,99.36,26.547,36.613,431.8,406.8,417.2,393.1,24.1,418.5,394.3,24.2,-999,5,-999,5,0.398,2,207.6,2
GRAYSRF_81W_31N,31.399,-80.869,6/4/17,18:17,427.8,2,10.14,404,2,8.97,1015.1,30.8,99.33,26.955,36.608,432.1,407.6,416.8,393.1,23.6,418.1,394.4,23.7,-999,5,-999,5,0.361,2,208,2
GRAYSRF_81W_31N,31.399,-80.869,6/4/17,21:17,421.4,2,10.2,404.2,2,8.86,1013.2,29.8,99.38,26.751,36.608,425.8,407.8,410,392.7,17.3,411.3,393.9,17.3,-999,5,-999,5,0.421,2,207.6,2
GRAYSRF_81W_31N,31.399,-80.869,6/5/17,0:17,420,2,9.41,404.4,2,8.56,1013.6,27.9,99.47,26.527,36.604,424,407.9,408.7,393.1,15.5,409.9,394.4,15.6,-999,5,-999,5,0.401,2,207.9,2
GRAYSRF_81W_31N,31.399,-80.869,6/5/17,3:17,415.1,2,8.92,404.2,2,8.46,1014,27,99.54,26.483,36.632,418.9,407.6,403.9,393.1,10.8,405.2,394.3,10.9,-999,5,0.546,2,0.421,2,210.9,2
GRAYSRF_81W_31N,31.399,-80.869,6/5/17,6:17,415.8,2,8.67,405.4,2,8.32,1012.6,26.6,99.74,26.419,36.641,419.4,408.8,403.9,393.7,10.2,405.2,395,10.2,-999,5,0.569,2,0.405,2,209.8,2
GRAYSRF_81W_31N,31.399,-80.869,6/5/17,9:17,418,2,8.7,409.2,2,8.37,1011.3,26.6,99.63,26.33,36.62,421.7,412.7,405.6,397,8.6,406.9,398.2,8.7,-999,5,-999,5,0.402,2,207.1,2
GRAYSRF_81W_31N,31.399,-80.869,6/5/17,12:17,420.3,2,8.82,417.5,2,8.43,1012.2,26.5,99.56,26.36,36.622,424.1,421.1,408.2,405.4,2.9,409.5,406.7,2.9,-999,5,-999,5,0.409,2,206.1,2
GRAYSRF_81W_31N,31.399,-80.869,6/5/17,15:17,421.7,2,9.3,420.2,2,8.59,1011.9,26.8,99.58,26.506,36.645,425.7,423.9,409.6,407.8,1.8,410.9,409.1,1.8,-999,5,-999,5,0.455,2,207.7,2
GRAYSRF_81W_31N,31.399,-80.869,6/5/17,18:17,432.2,2,10.09,417.6,2,9.01,1010.3,28.2,99.57,26.954,36.66,436.6,421.4,419.1,404.5,14.6,420.4,405.7,14.6,-999,5,-999,5,0.406,2,208.4,2
GRAYSRF_81W_31N,31.399,-80.869,6/5/17,21:17,422.7,2,9.21,418,2,8.95,1008.8,28,99.72,26.745,36.619,426.7,421.8,409,404.4,4.7,410.3,405.6,4.7,-999,5,-999,5,0.428,2,208.7,2
GRAYSRF_81W_31N,31.399,-80.869,6/6/17,0:17,419.1,2,8.72,404.6,2,8.26,1009.6,27.3,99.73,26.532,36.605,422.8,407.9,405.9,391.6,14.3,407.1,392.8,14.3,-999,5,-999,5,0.424,2,207.5,2
GRAYSRF_81W_31N,31.399,-80.869,6/6/17,3:17,422,2,8.75,405.2,2,8.36,1010.6,26.7,99.73,26.621,36.605,425.7,408.6,409,392.5,16.5,410.2,393.7,16.5,-999,5,0.618,2,0.419,2,206,2
GRAYSRF_81W_31N,31.399,-80.869,6/6/17,6:17,423.1,2,8.54,407.9,2,8.12,1010,26.6,99.64,26.59,36.609,426.7,411.3,409.7,394.9,14.8,411,396.1,14.9,-999,5,0.607,2,0.407,2,204.2,2
GRAYSRF_81W_31N,31.399,-80.869,6/6/17,9:17,425.2,2,8.52,410.1,2,8.16,1008.7,26.4,98.78,26.517,36.619,428.9,413.5,411.3,396.5,14.8,412.6,397.7,14.8,-999,5,-999,5,0.387,2,202.9,2
GRAYSRF_81W_31N,31.399,-80.869,6/6/17,12:17,428.3,2,8.69,411.1,2,8.2,1009.4,26.3,99.44,26.513,36.633,432.1,414.5,414.6,397.8,16.9,415.9,399,16.9,-999,5,-999,5,0.379,2,201.2,2
GRAYSRF_81W_31N,31.399,-80.869,6/6/17,15:17,421.6,2,7.95,419.7,2,7.65,1009.8,26.2,99.39,26.504,36.534,425,422.9,408,406,2,409.3,407.3,2,-999,5,-999,5,0.401,2,203.2,2
GRAYSRF_81W_31N,31.399,-80.869,6/6/17,18:17,427.1,2,8.94,413.2,2,8.31,1007.3,26.2,98.62,26.548,36.554,431,416.6,412.7,399,13.7,414,400.2,13.7,-999,5,-999,5,0.413,2,203.1,2
GRAYSRF_81W_31N,31.399,-80.869,6/6/17,21:17,438.4,2,8.68,412.8,2,8.18,1005.6,26.7,99.35,26.512,36.604,442.3,416.2,422.8,397.9,24.9,424.1,399.1,25,-999,5,-999,5,0.395,2,199.2,2
GRAYSRF_81W_31N,31.399,-80.869,6/7/17,0:17,436.8,2,8.67,414.4,2,8.22,1005.5,26.5,99.11,26.454,36.526,440.6,417.8,421.2,399.4,21.8,422.5,400.7,21.8,-999,5,-999,5,0.363,2,202.2,2
GRAYSRF_81W_31N,31.399,-80.869,6/7/17,3:17,424.9,2,8.61,416.6,2,8.21,1007.1,26.2,98.42,26.524,36.619,428.6,420,410.3,402.1,8.2,411.6,403.4,8.2,-999,5,0.631,2,0.364,2,202.4,2
GRAYSRF_81W_31N,31.399,-80.869,6/7/17,6:17,419.3,2,8.68,414.1,2,8.24,1005.8,26.3,99.34,26.66,36.342,423,417.6,404.4,399.2,5.2,405.6,400.4,5.2,-999,5,1.166,2,0.529,2,208.6,2
GRAYSRF_81W_31N,31.399,-80.869,6/7/17,9:17,429.6,2,7.93,405.2,2,7.63,1005.2,26.3,99.27,26.439,36.568,433,408.3,413.9,390.2,23.7,415.2,391.4,23.8,-999,5,-999,5,0.489,2,201.5,2
GRAYSRF_81W_31N,31.399,-80.869,6/7/17,12:17,430.8,2,7.83,409.1,2,7.64,1005.5,25.9,99.23,26.402,36.559,434.2,412.3,415.2,394.2,21,416.5,395.4,21,-999,5,-999,5,0.378,2,199.1,2
GRAYSRF_81W_31N,31.399,-80.869,6/7/17,15:17,422.3,2,8.77,406.4,2,8.06,1006.7,25.5,99.16,26.459,36.351,426,409.7,407.7,392.1,15.6,409,393.4,15.7,-999,5,-999,5,0.419,2,204.1,2
GRAYSRF_81W_31N,31.399,-80.869,6/7/17,18:17,420.6,2,9.65,406.2,2,8.87,1006.8,29,99.11,26.82,36.195,424.7,409.8,406.3,392,14.3,407.5,393.2,14.3,-999,5,-999,5,0.404,2,209.3,2
GRAYSRF_81W_31N,31.399,-80.869,6/7/17,21:17,413.2,2,8.52,403.9,2,8.31,1005.6,27.7,99.5,26.571,36.393,416.8,407.3,398.4,389.3,9.1,399.6,390.5,9.1,-999,5,-999,5,0.46,2,208.3,2
GRAYSRF_81W_31N,31.399,-80.869,6/8/17,0:17,-999,4,7.98,401.5,2,7.95,1005.7,26.7,99.65,26.431,36.561,-999,404.7,-999,387,-999,-999,388.2,-999,-999,5,-999,5,0.457,2,200.5,2
GRAYSRF_81W_31N,31.399,-80.869,6/8/17,3:17,-999,4,7.85,401.3,2,7.89,1006.7,26.2,99.99,26.421,36.512,-999,404.5,-999,387.2,-999,-999,388.4,-999,-999,5,0.851,2,-999,4,201.8,2
GRAYSRF_81W_31N,31.399,-80.869,6/8/17,6:17,-999,4,7.81,404.3,2,7.99,1005.9,26.1,99.9,26.404,36.513,-999,407.6,-999,389.8,-999,-999,391,-999,-999,5,1.034,2,-999,4,-999,4
GRAYSRF_81W_31N,31.399,-80.869,6/8/17,9:17,-999,4,7.5,406.9,2,7.66,1005.6,25.8,99.92,26.274,36.573,-999,410.1,-999,392.2,-999,-999,393.4,-999,-999,5,-999,5,-999,4,199.1,2
GRAYSRF_81W_31N,31.399,-80.869,6/8/17,12:17,-999,4,7.31,406.9,2,7.49,1007.8,25.3,99.78,26.156,36.567,-999,410,-999,393.1,-999,-999,394.3,-999,-999,5,-999,5,-999,4,198.2,2
GRAYSRF_81W_31N,31.399,-80.869,6/8/17,15:17,419.6,2,7.15,-999,4,6.39,1009.5,25.1,104.97,-999,-999,422.6,-999,-999,-999,-999,-999,-999,-999,-999,5,-999,5,-999,4,198.2,2
GRAYSRF_81W_31N,31.399,-80.869,6/8/17,18:17,416.8,2,7.37,406.7,2,7.42,1010.4,25.1,99.86,26.102,36.59,419.9,409.7,403.7,393.9,9.8,405,395.2,9.9,-999,5,-999,5,-999,4,199.2,2
GRAYSRF_81W_31N,31.399,-80.869,6/8/17,21:17,412.8,2,8.11,401,2,7.16,1009.7,25.1,95.25,26.107,36.59,416.2,403.9,399.9,388,11.8,401.1,389.3,11.9,-999,5,-999,5,-999,4,202.8,2
GRAYSRF_81W_31N,31.399,-80.869,6/9/17,0:17,410.8,2,7.99,399.6,2,6.75,1010.6,24.9,101.5,26.094,36.595,414.1,402.3,398.2,386.9,11.3,399.5,388.1,11.4,-999,5,-999,5,0.832,2,203.1,2
GRAYSRF_81W_31N,31.399,-80.869,6/9/17,3:17,410.4,2,7.43,397.2,2,6.59,1011.9,24.2,99.7,26.048,36.588,413.5,399.8,398.2,385,13.2,399.5,386.2,13.3,-999,5,0.955,2,0.674,2,202.5,2
GRAYSRF_81W_31N,31.399,-80.869,6/9/17,6:17,415.1,2,7.32,397.4,2,6.5,1011.8,23.8,99.22,26.037,36.623,418.2,400,402.7,385.2,17.5,403.9,386.4,17.5,-999,5,0.98,2,0.904,2,201.6,2
GRAYSRF_81W_31N,31.399,-80.869,6/9/17,9:17,417.3,2,7.3,398.1,2,6.4,1012.1,23.5,98.9,25.998,36.619,420.4,400.7,404.9,386,18.9,406.2,387.2,19,-999,5,-999,5,0.851,2,200.2,2
GRAYSRF_81W_31N,31.399,-80.869,6/9/17,12:17,416.4,2,8.21,397.5,2,7.11,1014.5,24,98.88,25.97,36.59,419.9,400.4,405.5,386.7,18.8,406.8,387.9,18.9,-999,5,-999,5,0.691,2,199.9,2
GRAYSRF_81W_31N,31.399,-80.869,6/9/17,15:17,427.8,2,9.16,395.3,2,7.28,1015.8,28.5,98.65,26.109,36.604,431.7,398.1,417.4,384.9,32.5,418.7,386.1,32.6,-999,5,-999,5,0.5,2,201.5,2
GRAYSRF_81W_31N,31.399,-80.869,6/9/17,18:17,446,2,9.68,395.9,2,7.42,1015.4,32.3,98.76,26.531,36.628,450.3,398.9,434.8,385.1,49.7,436.2,386.4,49.8,-999,5,-999,5,0.418,2,203.2,2
GRAYSRF_81W_31N,31.399,-80.869,6/9/17,21:17,438.5,2,10.03,395.9,2,7.34,1015,31.6,98.68,27.124,36.651,442.9,398.8,427,384.4,42.6,428.3,385.6,42.7,-999,5,-999,5,0.406,2,206.1,2
GRAYSRF_81W_31N,31.399,-80.869,6/10/17,0:17,411.3,2,9.27,396.3,2,7.48,1015.1,29.4,98.91,26.338,36.605,415.1,399.3,400.8,385.6,15.3,402.1,386.8,15.3,-999,5,-999,5,0.506,2,209.2,2
GRAYSRF_81W_31N,31.399,-80.869,6/10/17,3:17,408.2,2,8.69,399.7,2,7.02,1016.7,26.1,98.98,26.154,36.593,411.8,402.5,398.5,389.5,9,399.7,390.7,9,-999,5,0.966,2,0.544,2,206.9,2
GRAYSRF_81W_31N,31.399,-80.869,6/10/17,6:17,414.8,2,8.48,401.1,2,6.97,1016.5,25.1,98.37,26.106,36.598,418.3,403.9,404.7,390.8,13.9,406,392,14,-999,5,0.919,2,0.855,2,203.7,2
GRAYSRF_81W_31N,31.399,-80.869,6/10/17,9:17,416.5,2,8.3,400.6,2,7.09,1016.5,25.1,98.88,26.084,36.599,420,403.5,406.3,390.4,15.9,407.6,391.6,16,-999,5,-999,5,0.604,2,202.4,2
GRAYSRF_81W_31N,31.399,-80.869,6/10/17,12:17,419,2,9.13,399.5,2,7.95,1018.3,25.5,98.86,26.088,36.59,422.9,402.7,409.9,390.3,19.6,411.2,391.5,19.6,-999,5,-999,5,0.453,2,202.3,2
GRAYSRF_81W_31N,31.399,-80.869,6/10/17,15:17,427.4,2,10.04,398.8,2,8.31,1019.4,29.4,98.56,26.28,36.59,431.7,402.2,418.8,390.1,28.7,420.1,391.3,28.8,-999,5,-999,5,0.44,2,202.7,2
GRAYSRF_81W_31N,31.399,-80.869,6/10/17,18:17,426.2,2,9.87,400.3,2,8.44,1019.4,29.4,98.67,26.579,36.613,430.4,403.7,417.3,391.3,25.9,418.6,392.6,26,-999,5,-999,5,0.424,2,202.2,2
GRAYSRF_81W_31N,31.399,-80.869,6/10/17,21:17,419.4,2,9.79,400.1,2,8.64,1018.8,27.9,98.85,26.673,36.599,423.5,403.6,410.2,390.9,19.3,411.5,392.2,19.3,-999,5,-999,5,0.407,2,204.9,2
GRAYSRF_81W_31N,31.399,-80.869,6/11/17,0:17,409.4,2,9.51,402.6,2,8.45,1019.3,27.4,98.94,26.414,36.597,413.3,406,400.8,393.7,7.1,402,394.9,7.1,-999,5,-999,5,0.443,2,208.1,2
GRAYSRF_81W_31N,31.399,-80.869,6/11/17,3:17,412,2,9.13,402.8,2,8.37,1020.1,26.6,98.96,26.308,36.592,415.8,406.2,403.6,394.3,9.3,404.9,395.5,9.4,-999,5,0.792,2,0.436,2,206.3,2
GRAYSRF_81W_31N,31.399,-80.869,6/11/17,6:17,414.7,2,9.04,402.8,2,8.27,1019.8,26.5,98.94,26.32,36.616,418.5,406.1,406.1,394,12,407.3,395.3,12.1,-999,5,0.957,2,0.618,2,204.2,2
GRAYSRF_81W_31N,31.399,-80.869,6/11/17,9:17,417.9,2,9,402.8,2,8.34,1019.4,26.4,98.81,26.309,36.638,421.7,406.2,408.9,394,15,410.2,395.2,15,-999,5,-999,5,0.574,2,203.4,2
GRAYSRF_81W_31N,31.399,-80.869,6/11/17,12:17,414.5,2,9.34,402.8,2,8.55,1021.4,26.4,98.78,26.256,36.6,418.4,406.2,406.7,394.9,11.8,408,396.1,11.9,-999,5,-999,5,0.466,2,201.5,2
GRAYSRF_81W_31N,31.399,-80.869,6/11/17,15:17,419.5,2,9.88,402.1,2,8.68,1022.6,27.3,98.68,26.402,36.598,423.7,405.6,412.2,394.6,17.6,413.5,395.9,17.6,-999,5,-999,5,0.459,2,202.5,2
GRAYSRF_81W_31N,31.399,-80.869,6/11/17,18:17,417.7,2,9.93,402,2,8.41,1022.4,28,98.68,26.597,36.633,421.9,405.4,410.2,394.2,16,411.5,395.5,16.1,-999,5,-999,5,0.462,2,203.8,2
GRAYSRF_81W_31N,31.399,-80.869,6/11/17,21:17,414.7,2,9.81,401.5,2,8.39,1021.3,27.4,98.84,26.717,36.658,418.8,404.9,406.7,393.1,13.5,408,394.4,13.6,-999,5,-999,5,0.448,2,206.6,2
GRAYSRF_81W_31N,31.399,-80.869,6/12/17,0:17,413.9,2,9.2,402.6,2,8.16,1020.9,26.8,98.87,26.406,36.61,417.7,405.9,405.7,394.2,11.4,407,395.5,11.5,-999,5,-999,5,0.4,2,204.8,2
GRAYSRF_81W_31N,31.399,-80.869,6/12/17,3:17,416.9,2,9.04,402.6,2,8.31,1021.2,26.5,98.88,26.403,36.601,420.7,406,408.7,394.4,14.3,410,395.7,14.3,-999,5,0.732,2,0.398,2,205.3,2
GRAYSRF_81W_31N,31.399,-80.869,6/12/17,6:17,414.4,2,8.99,402.8,2,8.3,1020.5,26.5,98.86,26.453,36.638,418.2,406.2,405.9,394.3,11.7,407.2,395.5,11.7,-999,5,1.003,2,0.507,2,204.2,2
GRAYSRF_81W_31N,31.399,-80.869,6/12/17,9:17,418.7,2,8.94,402.6,2,8.28,1020,26.5,98.9,26.476,36.67,422.5,405.9,409.9,393.8,16.1,411.2,395,16.1,-999,5,-999,5,0.518,2,204.1,2
GRAYSRF_81W_31N,31.399,-80.869,6/12/17,12:17,421.6,2,9.38,402,2,8.58,1021,26.5,98.84,26.402,36.649,425.6,405.5,413.4,393.9,19.5,414.7,395.1,19.6,-999,5,-999,5,0.693,2,202,2
GRAYSRF_81W_31N,31.399,-80.869,6/12/17,15:17,423.2,2,9.73,399.7,2,8.46,1021.6,27.3,98.74,26.457,36.628,427.4,403.1,415.3,391.8,23.6,416.6,393,23.6,-999,5,-999,5,1.402,2,201.1,2
GRAYSRF_81W_31N,31.399,-80.869,6/12/17,18:17,415.9,2,9.38,401,2,8.02,1020.9,27.2,98.76,26.551,36.657,419.8,404.2,407.6,392.4,15.2,408.9,393.7,15.2,-999,5,-999,5,0.487,2,206.2,2
GRAYSRF_81W_31N,31.399,-80.869,6/12/17,21:17,412.4,2,9.33,400.7,2,8.19,1019.6,26.9,98.88,26.634,36.677,416.3,404,403.6,391.7,11.9,404.9,392.9,12,-999,5,-999,5,0.419,2,208.7,2
GRAYSRF_81W_31N,31.399,-80.869,6/13/17,0:17,414,2,8.79,400.8,2,7.56,1018.9,26.4,98.86,26.504,36.657,417.7,403.9,404.7,391.4,13.4,406,392.6,13.4,-999,5,-999,5,0.448,2,206.1,2
GRAYSRF_81W_31N,31.399,-80.869,6/13/17,3:17,419,2,8.63,401.7,2,7.99,1018.9,26.1,98.91,26.444,36.643,422.7,405,409.7,392.5,17.2,411,393.7,17.2,-999,5,0.997,2,0.438,2,205.7,2
GRAYSRF_81W_31N,31.399,-80.869,6/13/17,6:17,418.5,2,8.66,403.3,2,8.12,1018.4,26.3,98.89,26.483,36.661,422.2,406.6,408.9,393.8,15.1,410.2,395.1,15.1,-999,5,1.108,2,0.494,2,204.9,2
GRAYSRF_81W_31N,31.399,-80.869,6/13/17,9:17,419.5,2,8.66,403.5,2,8.07,1018.1,26.4,98.84,26.528,36.667,423.2,406.7,409.7,393.8,15.9,411,395.1,16,-999,5,-999,5,0.386,2,204.6,2
GRAYSRF_81W_31N,31.399,-80.869,6/13/17,12:17,423.1,2,9.02,403.3,2,8.35,1019.2,26.6,98.82,26.488,36.661,426.9,406.7,413.9,394.2,19.6,415.2,395.5,19.7,-999,5,-999,5,0.444,2,203,2
GRAYSRF_81W_31N,31.399,-80.869,6/13/17,15:17,432.5,2,10.3,401.7,2,9.06,1019.4,28.4,98.67,26.636,36.659,437,405.4,423.6,392.9,30.7,424.9,394.1,30.8,-999,5,-999,5,0.408,2,203.7,2
GRAYSRF_81W_31N,31.399,-80.869,6/13/17,18:17,438.7,2,11.32,401.2,2,9.62,1018.5,31,98.61,26.822,36.66,443.7,405.1,429.5,392.1,37.4,430.9,393.4,37.5,-999,5,-999,5,0.399,2,206.7,2
GRAYSRF_81W_31N,31.399,-80.869,6/13/17,21:17,432.4,2,10.75,402.6,2,9.15,1017,31,98.64,27.197,36.658,437.1,406.4,422.1,392.5,29.7,423.5,393.7,29.8,-999,5,-999,5,0.344,2,205.8,2
GRAYSRF_81W_31N,31.399,-80.869,6/14/17,0:17,419.2,2,9.86,403.3,2,8.76,1017.3,29.8,98.66,26.944,36.651,423.3,406.9,409.2,393.3,15.9,410.5,394.5,16,-999,5,-999,5,1.085,2,209,2
GRAYSRF_81W_31N,31.399,-80.869,6/14/17,3:17,416.7,2,9.51,403.4,2,8.6,1018,28.1,98.89,26.83,36.65,420.7,406.9,407,393.6,13.4,408.3,394.9,13.4,-999,5,0.907,2,0.392,2,208.3,2
GRAYSRF_81W_31N,31.399,-80.869,6/14/17,6:17,420.1,2,9.34,409.4,2,8.7,1016.6,27.3,98.9,26.691,36.654,424,413,409.8,399.1,10.7,411.1,400.4,10.7,-999,5,1.021,2,0.453,2,206.1,2
GRAYSRF_81W_31N,31.399,-80.869,6/14/17,9:17,413.8,2,8.88,411.2,2,8.35,1016.5,26.8,98.97,26.726,36.679,417.5,414.6,403.5,400.6,2.8,404.7,401.9,2.8,-999,5,-999,5,0.494,2,207.4,2
GRAYSRF_81W_31N,31.399,-80.869,6/14/17,12:17,419.2,2,9.48,410.8,2,8.61,1018.3,26.5,98.96,26.669,36.679,423.2,414.3,409.7,401.1,8.5,411,402.4,8.6,-999,5,-999,5,1.424,2,205.6,2
GRAYSRF_81W_31N,31.399,-80.869,6/14/17,15:17,423.9,2,9.96,409.5,2,8.48,1018.7,27.5,98.74,26.614,36.659,428.2,413,414.8,400.1,14.7,416.1,401.3,14.8,-999,5,-999,5,24.296,2,204.9,2
GRAYSRF_81W_31N,31.399,-80.869,6/14/17,18:17,445.6,2,11.02,408.2,2,8.97,1017.9,31,98.76,27.089,36.657,450.6,411.9,435.7,398.3,37.4,437,399.5,37.5,-999,5,-999,5,1.105,2,206.5,2
GRAYSRF_81W_31N,31.399,-80.869,6/14/17,21:17,426.7,2,10.47,408.5,2,8.91,1016.6,30.6,98.79,27.207,36.672,431.2,412.1,416.3,397.9,18.4,417.6,399.1,18.5,-999,5,-999,5,24.297,2,210.5,2
GRAYSRF_81W_31N,31.399,-80.869,6/15/17,0:17,414.6,2,9.8,406.3,2,9.18,1016.3,28.3,99.21,26.935,36.655,418.7,410.1,404.3,396,8.3,405.6,397.2,8.4,-999,5,-999,5,24.296,2,210.8,2
GRAYSRF_81W_31N,31.399,-80.869,6/15/17,3:17,414.4,2,9.32,404.5,2,8.48,1016.7,27.5,99.26,26.73,36.629,418.3,408,404.3,394.3,10,405.6,395.5,10.1,-999,5,0.55,2,3.231,2,207.2,2
GRAYSRF_81W_31N,31.399,-80.869,6/15/17,6:17,417.1,2,9.04,406.2,2,8.55,1016,26.9,99.38,26.71,36.615,420.9,409.7,406.5,395.7,10.9,407.8,396.9,10.9,-999,5,0.732,2,1.397,2,206,2
GRAYSRF_81W_31N,31.399,-80.869,6/15/17,9:17,418.5,2,9.04,416.4,2,8.43,1015.4,26.6,99.32,26.801,36.624,422.3,420,407.5,405.3,2.2,408.8,406.6,2.2,-999,5,-999,5,24.295,2,207,2
GRAYSRF_81W_31N,31.399,-80.869,6/15/17,12:17,419.7,2,9.6,416.7,2,8.77,1016.6,26.5,99.26,26.775,36.61,423.7,420.4,409.4,406.2,3.3,410.7,407.4,3.3,-999,5,-999,5,24.296,2,205.3,2
GRAYSRF_81W_31N,31.399,-80.869,6/15/17,15:17,418.8,2,10.03,419.8,2,8.73,1016.8,27.2,99.19,26.765,36.583,423.1,423.5,408.9,409.3,-0.4,410.2,410.6,-0.4,-999,5,-999,5,1.664,2,206.7,2
GRAYSRF_81W_31N,31.399,-80.869,6/15/17,18:17,430,2,10.62,412.4,2,9.2,1015.3,28.9,99.22,27.261,36.555,434.6,416.2,419,401.2,17.8,420.3,402.4,17.9,-999,5,-999,5,24.294,2,208.4,2
GRAYSRF_81W_31N,31.399,-80.869,6/15/17,21:17,422.1,2,10.52,412.4,2,9.58,1013.7,29.3,99.27,27.469,36.503,426.6,416.4,410.4,400.5,9.8,411.7,401.8,9.9,-999,5,-999,5,21.581,2,211,2
GRAYSRF_81W_31N,31.399,-80.869,6/16/17,0:17,407.3,2,9.45,408.7,2,9.06,1013.7,28.1,99.64,27.051,36.516,411.2,412.4,395.9,397.1,-1.2,397.2,398.3,-1.2,-999,5,-999,5,1.819,2,212.5,2
GRAYSRF_81W_31N,31.399,-80.869,6/16/17,3:17,408.9,2,9.35,404.5,2,8.99,1013.7,27.5,99.81,26.852,36.522,412.8,408.2,397.6,393.2,4.5,398.9,394.4,4.5,-999,5,0.881,2,24.296,2,210.3,2
GRAYSRF_81W_31N,31.399,-80.869,6/16/17,6:17,411.1,2,8.92,410.7,2,8.52,1013,27.2,99.67,26.859,36.517,414.8,414.3,399.3,398.7,0.5,400.5,400,0.6,-999,5,0.707,2,24.296,2,209.4,2
GRAYSRF_81W_31N,31.399,-80.869,6/16/17,9:17,413.3,2,9.01,407.7,2,8.6,1011.8,26.7,99.69,26.793,36.516,417,411.2,401,395.4,5.6,402.2,396.6,5.6,-999,5,-999,5,1.692,2,208,2
GRAYSRF_81W_31N,31.399,-80.869,6/16/17,12:17,414.8,2,9.12,411.8,2,8.68,1013.6,26.7,99.57,26.804,36.531,418.7,415.4,403.3,400.1,3.1,404.5,401.4,3.1,-999,5,-999,5,24.296,2,207.3,2
GRAYSRF_81W_31N,31.399,-80.869,6/16/17,15:17,416.2,2,9.41,417.4,2,8.62,1013.5,27.1,99.58,26.868,36.543,420.1,421,404.6,405.4,-0.8,405.9,406.7,-0.8,-999,5,-999,5,24.294,2,207.8,2
GRAYSRF_81W_31N,31.399,-80.869,6/16/17,18:17,425.9,2,9.88,415.1,2,8.86,1012.5,27.8,99.51,27.081,36.572,430.1,418.8,413.6,402.7,10.9,414.9,404,10.9,-999,5,-999,5,1.509,2,207.2,2
GRAYSRF_81W_31N,31.399,-80.869,6/16/17,21:17,420.6,2,9.68,412.2,2,9.27,1011.4,27.8,99.66,27.421,36.424,424.7,416,407.7,399.3,8.4,409,400.6,8.4,-999,5,-999,5,24.296,2,209.6,2
GRAYSRF_81W_31N,31.399,-80.869,6/17/17,0:17,414,2,9.26,405.4,2,8.82,1011,27.5,99.64,27.451,36.161,417.8,409,400.9,392.4,8.5,402.1,393.6,8.5,-999,5,-999,5,24.296,2,210.6,2
GRAYSRF_81W_31N,31.399,-80.869,6/17/17,3:17,418.8,2,8.84,405.2,2,8.66,1011.9,27.2,99.78,27.281,36.27,422.5,408.7,405.9,392.6,13.2,407.1,393.8,13.3,-999,5,0.574,2,1.771,2,208.2,2
GRAYSRF_81W_31N,31.399,-80.869,6/17/17,6:17,425.7,2,8.92,408.3,2,8.71,1011.3,27.1,99.7,27.136,36.317,429.6,411.9,412.5,395.6,17,413.8,396.8,17,-999,5,0.943,2,-999,4,206.3,2
GRAYSRF_81W_31N,31.399,-80.869,6/17/17,9:17,431.2,2,9.07,410.3,2,8.9,1011.4,27,99.63,27.09,36.44,435.1,413.9,418,397.6,20.4,419.3,398.9,20.4,-999,5,-999,5,-999,4,203.8,2
GRAYSRF_81W_31N,31.399,-80.869,6/17/17,12:17,439,2,9.77,411.4,2,9.28,1012.6,27,99.38,27.026,36.538,443.3,415.3,426.4,399.5,27,427.7,400.7,27,-999,5,-999,5,-999,4,200,2
GRAYSRF_81W_31N,31.399,-80.869,6/17/17,15:17,437.6,2,10.08,410,2,9.21,1013.5,27.9,99.15,27.198,36.535,442,413.8,425.4,398.2,27.2,426.7,399.4,27.3,-999,5,-999,5,-999,4,203.1,2
GRAYSRF_81W_31N,31.399,-80.869,6/17/17,18:17,442.6,2,10.04,415,2,9.27,1012.6,28.4,99.13,27.352,36.564,447.1,418.9,429.8,402.6,27.2,431.1,403.9,27.2,-999,5,-999,5,-999,4,203.9,2
GRAYSRF_81W_31N,31.399,-80.869,6/17/17,21:17,443.3,2,10.05,411.2,2,9.59,1011.9,28,99.18,27.38,36.582,447.8,415.2,430.1,398.7,31.4,431.4,400,31.5,-999,5,-999,5,-999,4,204.6,2
GRAYSRF_81W_31N,31.399,-80.869,6/18/17,0:17,439.9,2,9.25,406.9,2,9.03,1012.9,27.6,99.1,27.243,36.555,444,410.6,427.1,394.9,32.1,428.4,396.1,32.2,-999,5,-999,5,-999,4,203.3,2
GRAYSRF_81W_31N,31.399,-80.869,6/18/17,3:17,441.9,2,8.88,403.9,2,8.51,1014.2,27.4,99.08,27.198,36.563,445.8,407.4,429.4,392.4,37,430.7,393.6,37.1,-999,5,0.733,2,-999,4,201.7,2
GRAYSRF_81W_31N,31.399,-80.869,6/18/17,6:17,447.3,2,9.2,404.9,2,8.93,1013,27.2,98.97,27.093,36.589,451.4,408.5,434.3,393,41.3,435.7,394.3,41.4,-999,5,0.731,2,-999,4,200,2
GRAYSRF_81W_31N,31.399,-80.869,6/18/17,9:17,452.6,2,9.24,404.8,2,9.03,1013.2,27.2,98.9,27.068,36.581,456.8,408.5,439.6,393.1,46.5,441,394.4,46.6,-999,5,-999,5,24.298,2,197.7,2
GRAYSRF_81W_31N,31.399,-80.869,6/18/17,12:17,455.6,2,10.12,407.1,2,9.4,1015.6,27.2,98.68,27.071,36.593,460.3,410.9,444,396.4,47.6,445.4,397.7,47.8,-999,5,-999,5,24.294,2,198.1,2
GRAYSRF_81W_31N,31.399,-80.869,6/18/17,15:17,459.8,2,10.4,407.5,2,9.38,1016.2,28.3,98.55,27.279,36.588,464.6,411.4,448.3,396.9,51.3,449.7,398.2,51.5,-999,5,-999,5,-999,4,197.6,2
GRAYSRF_81W_31N,31.399,-80.869,6/18/17,18:17,464.7,2,10.44,405,2,9.38,1015.2,28.6,98.56,27.82,36.585,469.6,408.8,452.1,393.6,58.5,453.5,394.8,58.7,-999,5,-999,5,-999,4,200.8,2
GRAYSRF_81W_31N,31.399,-80.869,6/18/17,21:17,451.2,2,10.28,403.6,2,9.53,1014,29.2,98.59,27.649,36.572,455.9,407.5,438.5,391.9,46.6,439.9,393.2,46.7,-999,5,-999,5,-999,4,202.9,2
GRAYSRF_81W_31N,31.399,-80.869,6/19/17,0:17,449.6,2,10.23,402.6,2,9.65,1014.4,28.3,98.65,27.479,36.551,454.2,406.6,437.3,391.4,45.9,438.6,392.6,46.1,-999,5,-999,5,-999,4,203.6,2
GRAYSRF_81W_31N,31.399,-80.869,6/19/17,3:17,443.2,2,9.5,402.9,2,9.4,1015.9,27.9,98.82,27.313,36.545,447.4,406.7,431.5,392.3,39.2,432.9,393.5,39.4,-999,5,0.696,2,-999,4,203.7,2
GRAYSRF_81W_31N,31.399,-80.869,6/19/17,6:17,442.5,2,9.29,402.8,2,9.29,1015,27.8,98.82,27.198,36.561,446.6,406.6,430.5,391.9,38.6,431.8,393.1,38.7,-999,5,0.69,2,-999,4,202.4,2
GRAYSRF_81W_31N,31.399,-80.869,6/19/17,9:17,440.2,2,9.46,406.5,2,9.09,1014.8,27.6,98.79,27.116,36.54,444.4,410.3,428.3,395.4,32.9,429.7,396.6,33,-999,5,-999,5,-999,4,201.8,2
GRAYSRF_81W_31N,31.399,-80.869,6/19/17,12:17,443.2,2,10.18,407.9,2,9.21,1016.4,27.4,98.73,27.136,36.516,447.7,411.7,432.2,397.4,34.8,433.6,398.7,34.9,-999,5,-999,5,-999,4,198.7,2
GRAYSRF_81W_31N,31.399,-80.869,6/19/17,15:17,444.9,2,10.76,405.3,2,9.38,1017.7,28.2,98.62,27.265,36.508,449.7,409.1,434.5,395.3,39.2,435.9,396.6,39.3,-999,5,-999,5,-999,4,202.1,2
GRAYSRF_81W_31N,31.399,-80.869,6/19/17,18:17,444.3,2,10.57,404,2,9.39,1016.7,29,98.65,27.412,36.515,449,407.8,433.4,393.6,39.8,434.7,394.8,39.9,-999,5,-999,5,-999,4,202.1,2
GRAYSRF_81W_31N,31.399,-80.869,6/19/17,21:17,438.5,2,10.49,402.9,2,9.8,1016.2,28.9,98.69,27.181,36.474,443.2,406.9,427.7,392.7,35,429,393.9,35.1,-999,5,-999,5,-999,4,202.6,2
GRAYSRF_81W_31N,31.399,-80.869,6/20/17,0:17,440.2,2,9.88,403,2,9.49,1017.2,28.2,98.65,27.182,36.48,444.5,406.9,429.5,393.1,36.4,430.8,394.3,36.5,-999,5,-999,5,-999,4,200.2,2
GRAYSRF_81W_31N,31.399,-80.869,6/20/17,3:17,438.6,2,9.4,405.4,2,8.86,1018.4,27.7,98.6,27.189,36.477,442.8,409,428.2,395.6,32.7,429.6,396.8,32.8,-999,5,0.689,2,-999,4,200.9,2
GRAYSRF_81W_31N,31.399,-80.869,6/20/17,6:17,434.5,2,9.21,406.5,2,8.58,1017.6,27.1,98.64,27.12,36.475,438.5,410,423.9,396.3,27.5,425.2,397.6,27.6,-999,5,0.683,2,-999,4,199.9,2
GRAYSRF_81W_31N,31.399,-80.869,6/20/17,9:17,441,2,8.92,407,2,8.36,1017.3,26.7,98.57,27.059,36.473,444.9,410.5,430,396.6,33.3,431.3,397.9,33.4,-999,5,-999,5,-999,4,198.9,2
GRAYSRF_81W_31N,31.399,-80.869,6/20/17,12:17,445,2,9.79,406.3,2,8.89,1018.5,26.9,98.4,27.108,36.485,449.4,409.9,434.8,396.6,38.2,436.1,397.8,38.3,-999,5,-999,5,-999,4,196.8,2
GRAYSRF_81W_31N,31.399,-80.869,6/20/17,15:17,446.8,2,9.27,402.9,2,8.87,1018.9,29.2,98.36,27.275,36.478,451,406.5,436.3,393.3,43,437.7,394.5,43.1,-999,5,-999,5,-999,4,196.5,2
GRAYSRF_81W_31N,31.399,-80.869,6/20/17,18:17,439,2,9.92,403,2,9.08,1017.9,27.5,98.36,27.137,36.221,443.4,406.7,428.7,393.2,35.5,430,394.4,35.6,-999,5,-999,5,-999,4,200.1,2
GRAYSRF_81W_31N,31.399,-80.869,6/20/17,21:17,442.6,2,10.5,402.5,2,9.69,1017,28.9,98.37,27.132,36.478,447.3,406.5,432,392.6,39.4,433.4,393.8,39.5,-999,5,-999,5,-999,4,200,2
GRAYSRF_81W_31N,31.399,-80.869,6/21/17,0:17,445,2,10,402.8,2,9.52,1017.3,28.9,98.33,27.198,36.485,449.5,406.7,434.3,392.9,41.4,435.7,394.1,41.6,-999,5,-999,5,-999,4,198.3,2
GRAYSRF_81W_31N,31.399,-80.869,6/21/17,3:17,444.1,2,9.89,402.9,2,9.53,1018.5,28.3,98.36,27.208,36.512,448.5,406.8,433.8,393.4,40.4,435.2,394.7,40.5,-999,5,0.698,2,-999,4,198.7,2
GRAYSRF_81W_31N,31.399,-80.869,6/21/17,6:17,444,2,9.84,402.9,2,9.56,1017.6,28,98.39,27.196,36.49,448.4,406.8,433.3,393.1,40.2,434.6,394.4,40.3,-999,5,0.707,2,-999,4,198.3,2
GRAYSRF_81W_31N,31.399,-80.869,6/21/17,9:17,442.4,2,9.75,402.9,2,9.49,1016.8,27.7,98.31,27.128,36.478,446.7,406.8,431.5,392.9,38.6,432.8,394.1,38.7,-999,5,-999,5,-999,4,197.7,2
GRAYSRF_81W_31N,31.399,-80.869,6/21/17,12:17,442,2,9.96,402.7,2,9.56,1017.7,27.6,98.33,27.152,36.49,446.5,406.6,431.6,393,38.5,432.9,394.3,38.6,-999,5,-999,5,-999,4,195.1,2
GRAYSRF_81W_31N,31.399,-80.869,6/21/17,15:17,450.4,2,10.68,402.4,2,9.71,1018.7,28.5,98.19,27.368,36.568,455.3,406.4,440.3,393,47.3,441.7,394.2,47.4,-999,5,-999,5,-999,4,196.2,2
GRAYSRF_81W_31N,31.399,-80.869,6/21/17,18:17,447.3,2,10.93,402.1,2,9.91,1017.8,28.8,98.24,27.482,36.544,452.2,406.2,436.9,392.4,44.5,438.2,393.6,44.6,-999,5,-999,5,-999,4,198.3,2
GRAYSRF_81W_31N,31.399,-80.869,6/21/17,21:17,441.2,2,10.64,402.4,2,9.85,1016.8,29.5,98.35,27.263,36.482,446,406.4,430.6,392.3,38.3,431.9,393.6,38.4,-999,5,-999,5,-999,4,201,2
GRAYSRF_81W_31N,31.399,-80.869,6/22/17,0:17,443.4,2,10.02,402.6,2,9.69,1017.7,29,98.48,27.301,36.505,447.8,406.5,432.7,392.8,39.9,434.1,394,40,-999,5,-999,5,-999,4,199.9,2
GRAYSRF_81W_31N,31.399,-80.869,6/22/17,3:17,440,2,9.81,402.3,2,9.59,1019.6,28.3,98.43,27.403,36.559,444.3,406.2,430.1,393.1,36.9,431.4,394.4,37.1,-999,5,0.694,2,-999,4,198.9,2
GRAYSRF_81W_31N,31.399,-80.869,6/22/17,6:17,447.6,2,9.86,402.5,2,9.78,1018.5,28.1,98.49,27.444,36.559,452,406.5,437,393,44,438.4,394.2,44.2,-999,5,0.694,2,-999,4,197.6,2
GRAYSRF_81W_31N,31.399,-80.869,6/22/17,9:17,444.6,2,9.69,402.8,2,9.7,1017.6,28,98.44,27.277,36.5,449,406.7,433.8,393,40.8,435.2,394.2,40.9,-999,5,-999,5,-999,4,197.9,2
GRAYSRF_81W_31N,31.399,-80.869,6/22/17,12:17,446.4,2,10.51,403.9,2,9.73,1018.5,27.8,98.3,27.261,36.507,451.2,407.9,436.3,394.5,41.9,437.7,395.7,42,-999,5,-999,5,-999,4,196.2,2
GRAYSRF_81W_31N,31.399,-80.869,6/22/17,15:17,452.1,2,10.47,403,2,9.8,1019.5,28.4,98.3,27.472,36.581,456.8,407,442.1,393.9,48.2,443.5,395.1,48.4,-999,5,-999,5,-999,4,195.6,2
GRAYSRF_81W_31N,31.399,-80.869,6/22/17,18:17,458.4,2,10.78,403.3,2,9.94,1018.5,29.1,98.26,27.865,36.587,463.4,407.3,447.6,393.4,54.2,449,394.6,54.3,-999,5,-999,5,-999,4,196.3,2
GRAYSRF_81W_31N,31.399,-80.869,6/22/17,21:17,442.4,2,10.69,402.6,2,9.84,1017.3,29,98.33,27.489,36.516,447.1,406.6,431.7,392.5,39.2,433.1,393.7,39.3,-999,5,-999,5,-999,4,200.7,2
GRAYSRF_81W_31N,31.399,-80.869,6/23/17,0:17,445.2,2,10.02,402.7,2,9.77,1017.8,28.6,98.48,27.515,36.556,449.7,406.6,434.4,392.8,41.6,435.7,394,41.7,-999,5,-999,5,-999,4,199.4,2
GRAYSRF_81W_31N,31.399,-80.869,6/23/17,3:17,447.6,2,9.94,402.6,2,9.76,1018.5,28.2,98.45,27.603,36.593,452.1,406.6,436.9,392.9,43.9,438.3,394.2,44.1,-999,5,0.628,2,-999,4,198.5,2
GRAYSRF_81W_31N,31.399,-80.869,6/23/17,6:17,453.2,2,9.53,402.9,2,9.55,1017.8,28,98.42,27.71,36.617,457.6,406.8,441.8,392.7,49.1,443.2,394,49.2,-999,5,0.621,2,-999,4,195.7,2
GRAYSRF_81W_31N,31.399,-80.869,6/23/17,9:17,447.7,2,9.35,402.9,2,9.28,1016.2,27.9,98.42,27.514,36.581,451.9,406.7,435.8,392.2,43.6,437.2,393.4,43.7,-999,5,-999,5,-999,4,197.1,2
GRAYSRF_81W_31N,31.399,-80.869,6/23/17,12:17,449,2,9.8,402.6,2,9.42,1017.7,27.7,98.36,27.498,36.596,453.4,406.4,438,392.6,45.4,439.4,393.8,45.5,-999,5,-999,5,-999,4,194.8,2
GRAYSRF_81W_31N,31.399,-80.869,6/23/17,15:17,456.3,2,10.48,403.8,2,9.44,1018.2,28.1,98.25,27.696,36.623,461.2,407.6,445.4,393.7,51.7,446.8,395,51.9,-999,5,-999,5,-999,4,195.4,2
GRAYSRF_81W_31N,31.399,-80.869,6/23/17,18:17,460.4,2,10.47,402.7,2,9.64,1017.1,28.8,98.26,27.904,36.634,465.3,406.6,448.8,392.1,56.6,450.2,393.4,56.8,-999,5,-999,5,-999,4,195.6,2
GRAYSRF_81W_31N,31.399,-80.869,6/23/17,21:17,450.6,2,9.86,402.7,2,9.42,1015.2,28.5,98.48,27.829,36.627,455.1,406.5,438.2,391.4,46.8,439.5,392.6,46.9,-999,5,-999,5,-999,4,198.9,2
GRAYSRF_81W_31N,31.399,-80.869,6/24/17,0:17,446.8,2,9.72,402.8,2,9.66,1014.2,28.3,98.66,27.759,36.642,451.2,406.7,434,391.2,42.8,435.4,392.4,42.9,-999,5,-999,5,-999,4,200.3,2
GRAYSRF_81W_31N,31.399,-80.869,6/24/17,3:17,450.1,2,9.64,402.9,2,9.62,1016.6,28,98.68,27.816,36.642,454.4,406.8,438.2,392.2,45.9,439.5,393.4,46.1,-999,5,0.6,2,24.293,2,198.5,2
GRAYSRF_81W_31N,31.399,-80.869,6/24/17,6:17,454.7,2,9.68,403,2,9.64,1016.1,28,98.69,27.839,36.619,459.2,406.9,442.5,392.1,50.3,443.8,393.3,50.5,-999,5,0.591,2,24.297,2,196.5,2
GRAYSRF_81W_31N,31.399,-80.869,6/24/17,9:17,454.6,2,9.63,406.5,2,9.67,1015.4,28,98.71,27.759,36.635,459,410.5,442,395.3,46.7,443.4,396.6,46.9,-999,5,-999,5,24.296,2,195.9,2
GRAYSRF_81W_31N,31.399,-80.869,6/24/17,12:17,454.7,2,10.08,416.4,2,9.78,1016.9,28.1,98.59,27.736,36.653,459.3,420.5,443,405.6,37.4,444.4,406.9,37.5,-999,5,-999,5,23.637,2,194.4,2
GRAYSRF_81W_31N,31.399,-80.869,6/24/17,15:17,459.3,2,10.74,417.6,2,9.63,1017.4,28.8,98.46,27.982,36.639,464.3,421.6,447.9,406.7,41.1,449.2,408,41.3,-999,5,-999,5,22.349,2,198.2,2
GRAYSRF_81W_31N,31.399,-80.869,6/24/17,18:17,459.6,2,11.07,425.6,2,10.16,1017.1,30.6,98.57,28.26,36.614,464.7,430,447.9,414.4,33.5,449.3,415.6,33.6,-999,5,-999,5,21.876,2,201.1,2
GRAYSRF_81W_31N,31.399,-80.869,6/24/17,21:17,458.6,2,10.74,420.3,2,10.12,1015.9,29.3,98.75,28.262,36.632,463.6,424.6,446.2,408.7,37.6,447.6,410,37.7,-999,5,-999,5,21.233,2,201.2,2
GRAYSRF_81W_31N,31.399,-80.869,6/25/17,0:17,453.6,2,10.31,410,2,9.92,1015.8,28.8,98.81,27.992,36.647,458.4,414.1,441.4,398.8,42.6,442.8,400,42.7,-999,5,-999,5,20.885,2,202.8,2
GRAYSRF_81W_31N,31.399,-80.869,6/25/17,3:17,457.1,2,9.98,402.8,2,9.69,1017.6,28.5,98.81,27.949,36.623,461.7,406.7,445.5,392.4,53.1,446.9,393.7,53.2,-999,5,0.608,2,20.559,2,201.4,2
GRAYSRF_81W_31N,31.399,-80.869,6/25/17,6:17,463.6,2,10.17,402.9,2,9.84,1017.3,28.1,98.84,27.942,36.601,468.4,406.9,451.8,392.5,59.3,453.2,393.7,59.5,-999,5,0.605,2,19.683,2,200.6,2
GRAYSRF_81W_31N,31.399,-80.869,6/25/17,9:17,461.4,2,10.09,414.7,2,9.42,1017.4,28,98.71,27.92,36.599,466.1,418.6,449.7,403.9,45.8,451.1,405.1,46,-999,5,-999,5,19.152,2,199.3,2
GRAYSRF_81W_31N,31.399,-80.869,6/25/17,12:17,464.2,2,10.14,412.5,2,9.54,1018.2,27.8,98.72,27.837,36.606,468.9,416.5,452.8,402.2,50.6,454.2,403.5,50.8,-999,5,-999,5,17.667,2,197.9,2
GRAYSRF_81W_31N,31.399,-80.869,6/25/17,15:17,471.9,2,10.57,420.8,2,9.76,1018.8,28.4,98.72,27.921,36.594,476.9,424.9,460.7,410.5,50.2,462.2,411.8,50.4,-999,5,-999,5,16.663,2,198.2,2
GRAYSRF_81W_31N,31.399,-80.869,6/25/17,18:17,481.9,2,11.08,413.6,2,10.32,1017.8,29.8,98.65,28.327,36.581,487.3,417.9,469.9,402.9,66.9,471.3,404.2,67.1,-999,5,-999,5,15.09,2,199.6,2
GRAYSRF_81W_31N,31.399,-80.869,6/25/17,21:17,473.2,2,10.64,413.9,2,10.06,1016.6,29.1,98.69,28.311,36.585,478.3,418.1,460.7,402.7,57.9,462.1,404,58.1,-999,5,-999,5,13.79,2,201.3,2
GRAYSRF_81W_31N,31.399,-80.869,6/26/17,0:17,-999,4,8.44,402.9,2,8.26,1018.1,27.1,98.68,27.984,36.141,-999,406.3,-999,392.2,-999,-999,393.4,-999,-999,5,-999,5,12.307,2,198.9,2
GRAYSRF_81W_31N,31.399,-80.869,6/26/17,3:17,462.3,2,9.3,402.8,2,9.16,1018.1,26.6,98.67,27.841,36.253,466.6,406.5,450.6,392.5,58.1,452,393.7,58.3,-999,5,-999,4,11.141,2,199.6,2
GRAYSRF_81W_31N,31.399,-80.869,6/26/17,6:17,470.6,2,9.46,403,2,9.35,1017.7,26.8,98.67,27.865,36.308,475.1,406.8,458.5,392.6,65.9,459.9,393.8,66.1,-999,5,0.585,2,11.039,2,198.9,2
GRAYSRF_81W_31N,31.399,-80.869,6/26/17,9:17,474.6,2,9.58,413.9,2,9.49,1017.3,27.1,98.58,27.998,36.425,479.2,417.8,462.2,403,59.2,463.6,404.2,59.4,-999,5,-999,5,9.777,2,197.9,2
GRAYSRF_81W_31N,31.399,-80.869,6/26/17,12:17,472.2,2,9.33,410.1,2,9.27,1017.5,27.1,98.51,27.895,36.394,476.6,414,459.9,399.4,60.4,461.3,400.7,60.6,-999,5,-999,5,8.66,2,197.4,2
GRAYSRF_81W_31N,31.399,-80.869,6/26/17,15:17,468.5,2,10.48,415.9,2,9.93,1018.2,27.5,98.5,27.897,36.248,473.4,420.1,457.1,405.6,51.5,458.5,406.9,51.7,-999,5,-999,5,7.737,2,196.5,2
GRAYSRF_81W_31N,31.399,-80.869,6/26/17,18:17,468.7,2,10.72,416.2,2,9.89,1017.4,28.7,98.48,28.201,36.288,473.8,420.4,456.8,405.3,51.5,458.2,406.6,51.6,-999,5,-999,5,7.455,2,199.8,2
GRAYSRF_81W_31N,31.399,-80.869,6/26/17,21:17,462.6,2,9.22,411.5,2,8.84,1016.8,27.9,98.57,28.114,36.361,466.9,415.2,449.9,400.1,49.8,451.3,401.3,50,-999,5,-999,5,7.027,2,199.7,2
GRAYSRF_81W_31N,31.399,-80.869,6/27/17,0:17,462.2,2,9.43,406.1,2,8.94,1016.3,27.3,98.48,27.995,36.427,466.6,409.8,449.6,394.8,54.8,451,396,55,-999,5,-999,5,6.403,2,198.8,2
GRAYSRF_81W_31N,31.399,-80.869,6/27/17,3:17,465.8,2,9.51,405.5,2,8.86,1016.8,26.9,98.49,27.957,36.488,470.2,409.1,453.3,394.4,58.9,454.7,395.6,59.1,-999,5,0.603,2,6.049,2,198.4,2
GRAYSRF_81W_31N,31.399,-80.869,6/27/17,6:17,471.9,2,9.39,404.8,2,8.76,1016.1,26.9,98.43,28.023,36.446,476.4,408.4,458.9,393.4,65.5,460.3,394.6,65.7,-999,5,0.596,2,5.9,2,197.2,2
GRAYSRF_81W_31N,31.399,-80.869,6/27/17,9:17,467.4,2,9.34,405.1,2,8.69,1016,26.8,98.38,27.999,36.508,471.8,408.6,454.4,393.5,60.9,455.8,394.8,61.1,-999,5,-999,5,5.758,2,197.2,2
GRAYSRF_81W_31N,31.399,-80.869,6/27/17,12:17,-999,4,8.28,404.6,2,7.92,1016.5,26.6,98.42,27.786,36.281,-999,407.8,-999,393.2,-999,-999,394.4,-999,-999,5,-999,5,5.398,2,196.8,2
GRAYSRF_81W_31N,31.399,-80.869,6/27/17,15:17,460.4,2,10.2,401.3,2,9.33,1016.6,27,98.39,27.685,36.213,465.2,405.1,448.6,390.7,57.9,450,391.9,58.1,-999,5,-999,5,4.987,2,196.2,2
GRAYSRF_81W_31N,31.399,-80.869,6/27/17,18:17,460.7,2,10.64,391.3,2,8.39,1015.7,28.1,98.14,27.903,36.344,465.6,394.6,448.4,380,68.4,449.8,381.2,68.6,-999,5,-999,5,4.744,2,198.8,2
GRAYSRF_81W_31N,31.399,-80.869,6/27/17,21:17,451.7,2,10.07,392.2,2,8.65,1016.1,27.6,98.45,28,36.242,456.3,395.6,439.5,381.1,58.5,440.9,382.3,58.6,-999,5,-999,5,4.698,2,201,2
GRAYSRF_81W_31N,31.399,-80.869,6/28/17,0:17,452.6,2,9.53,400,2,8.88,1016.3,27.2,98.56,27.998,36.461,457,403.6,440.3,388.8,51.4,441.6,390,51.6,-999,5,-999,5,4.354,2,200.3,2
GRAYSRF_81W_31N,31.399,-80.869,6/28/17,3:17,462.2,2,9.35,401.9,2,8.71,1016.8,26.9,98.48,27.83,36.496,466.6,405.5,450,391,59,451.4,392.2,59.2,-999,5,0.628,2,4.163,2,199.6,2
GRAYSRF_81W_31N,31.399,-80.869,6/28/17,6:17,459.3,2,9.27,401.7,2,8.61,1017,26.6,98.46,27.876,36.492,463.6,405.2,447.1,390.8,56.3,448.5,392,56.4,-999,5,0.623,2,4.189,2,198.7,2
GRAYSRF_81W_31N,31.399,-80.869,6/28/17,9:17,467.5,2,9.4,401.7,2,8.67,1017.3,26.8,98.43,27.996,36.468,471.9,405.2,455.2,390.8,64.4,456.6,392,64.6,-999,5,-999,5,3.842,2,197.6,2
GRAYSRF_81W_31N,31.399,-80.869,6/28/17,12:17,466.6,2,9.85,392.6,2,8.77,1018.8,27.1,98.28,27.973,36.487,471.2,396,455.2,382.6,72.7,456.6,383.8,72.9,-999,5,-999,5,3.547,2,195.9,2
GRAYSRF_81W_31N,31.399,-80.869,6/28/17,15:17,463.2,2,10.17,388.6,2,8.68,1019.5,27.5,98.31,27.88,36.506,468,392,452.4,379,73.4,453.8,380.2,73.6,-999,5,-999,5,3.209,2,196.7,2
GRAYSRF_81W_31N,31.399,-80.869,6/28/17,18:17,461.9,2,9.87,388.2,2,8.54,1019.8,27.6,98.34,27.965,36.51,466.5,391.5,451.1,378.6,72.5,452.5,379.8,72.8,-999,5,-999,5,2.838,2,199.5,2
GRAYSRF_81W_31N,31.399,-80.869,6/28/17,21:17,455.1,2,9.74,388.9,2,8.67,1019,27.5,98.43,28.069,36.516,459.6,392.3,443.9,379,65,445.3,380.1,65.2,-999,5,-999,5,2.486,2,201.5,2
GRAYSRF_81W_31N,31.399,-80.869,6/29/17,0:17,453.9,2,9.33,388.4,2,8.93,1019.7,27.7,98.74,28.082,36.521,458.2,391.9,442.9,378.8,64.1,444.3,380,64.3,-999,5,-999,5,2.237,2,200.6,2
GRAYSRF_81W_31N,31.399,-80.869,6/29/17,3:17,450.5,2,9.36,390.2,2,8.94,1020.4,27.7,98.82,27.856,36.529,454.7,393.7,440.1,381,59.1,441.4,382.2,59.3,-999,5,0.603,2,2.018,2,200.9,2
GRAYSRF_81W_31N,31.399,-80.869,6/29/17,6:17,453.4,2,9.58,397.5,2,9.08,1019.4,27.4,98.72,27.831,36.53,457.8,401.2,442.6,387.9,54.7,444,389.1,54.9,-999,5,0.602,2,2.015,2,199.7,2
GRAYSRF_81W_31N,31.399,-80.869,6/29/17,9:17,456.7,2,9.69,397.8,2,9.12,1019.2,27.2,98.65,27.969,36.522,461.1,401.5,445.6,388,57.7,447,389.2,57.8,-999,5,-999,5,1.943,2,198,2
GRAYSRF_81W_31N,31.399,-80.869,6/29/17,12:17,459.5,2,10.47,401.3,2,9.47,1020.7,27.4,98.49,28.009,36.502,464.3,405.2,449.4,392.1,57.2,450.8,393.3,57.4,-999,5,-999,5,1.783,2,193.7,2
GRAYSRF_81W_31N,31.399,-80.869,6/29/17,15:17,460.4,2,11.05,397.2,2,9.67,1021,29,98.36,27.992,36.515,465.5,401.1,450.7,388.3,62.4,452.1,389.5,62.6,-999,5,-999,5,1.57,2,197.1,2
GRAYSRF_81W_31N,31.399,-80.869,6/29/17,18:17,459,2,10.98,398.7,2,9.87,1020.1,29.2,98.36,28.033,36.521,464.1,402.6,448.9,389.4,59.5,450.3,390.6,59.6,-999,5,-999,5,1.374,2,197.1,2
GRAYSRF_81W_31N,31.399,-80.869,6/29/17,21:17,457.4,2,10.91,399.6,2,9.93,1019,28.7,98.44,28.159,36.507,462.4,403.6,446.6,389.8,56.8,448,391,56.9,-999,5,-999,5,1.227,2,198.7,2
GRAYSRF_81W_31N,31.399,-80.869,6/30/17,0:17,456.8,2,10.44,401.6,2,9.67,1020.1,28.6,98.53,28.175,36.499,461.6,405.5,446.3,392.1,54.2,447.6,393.3,54.4,-999,5,-999,5,1.125,2,196.5,2
GRAYSRF_81W_31N,31.399,-80.869,6/30/17,3:17,451.5,2,10.23,402.1,2,9.56,1020.3,28.1,98.51,28.081,36.501,456.1,406,441.2,392.7,48.5,442.6,393.9,48.7,-999,5,0.587,2,1.024,2,199.1,2
GRAYSRF_81W_31N,31.399,-80.869,6/30/17,6:17,453.6,2,10.12,402.1,2,9.49,1018.8,27.9,98.41,28.035,36.513,458.2,406,442.6,392.1,50.5,443.9,393.3,50.6,-999,5,0.581,2,0.973,2,198,2
GRAYSRF_81W_31N,31.399,-80.869,6/30/17,9:17,457,2,9.95,402.2,2,9.39,1018.4,27.7,98.33,28.072,36.495,461.6,406,445.6,392,53.7,447,393.2,53.8,-999,5,-999,5,1.029,2,195.7,2
GRAYSRF_81W_31N,31.399,-80.869,6/30/17,12:17,462.8,2,10.41,401.8,2,9.68,1019.7,27.7,98.27,28.086,36.504,467.7,405.8,452.1,392.2,59.9,453.5,393.5,60.1,-999,5,-999,5,0.916,2,193.6,2
GRAYSRF_81W_31N,31.399,-80.869,6/30/17,15:17,466.8,2,11.72,400.7,2,10.32,1020.2,30.3,98.2,28.226,36.505,472.4,404.9,456.7,391.5,65.2,458.1,392.7,65.4,-999,5,-999,5,0.847,2,194.2,2
GRAYSRF_81W_31N,31.399,-80.869,6/30/17,18:17,465.9,2,11.86,401.1,2,10.74,1018.9,31.4,98.17,28.433,36.517,471.5,405.5,455.1,391.3,63.7,456.5,392.5,63.9,-999,5,-999,5,0.831,2,196.6,2
GRAYSRF_81W_31N,31.399,-80.869,6/30/17,21:17,464.7,2,11.62,401.6,2,10.61,1017.3,29.8,98.23,28.511,36.515,470.1,405.9,452.9,391.1,61.8,454.3,392.3,62,-999,5,-999,5,0.748,2,196.7,2
GRAYSRF_81W_31N,31.399,-80.869,7/1/17,0:17,460.2,2,10.69,401.6,2,10.38,1018.2,29.1,98.39,28.387,36.507,465.1,405.8,448.6,391.4,57.2,450,392.6,57.4,-999,5,-999,5,0.701,2,196.8,2
GRAYSRF_81W_31N,31.399,-80.869,7/1/17,3:17,457.4,2,10.5,401.6,2,10.22,1019.9,28.9,98.48,28.325,36.51,462.2,405.8,446.6,392.1,54.5,448,393.3,54.7,-999,5,0.586,2,0.675,2,198,2
GRAYSRF_81W_31N,31.399,-80.869,7/1/17,6:17,457.3,2,10.48,412.7,2,10.16,1017.9,28.6,98.52,28.241,36.52,462.2,416.9,445.8,402.1,43.7,447.1,403.4,43.8,-999,5,0.603,2,0.658,2,198.9,2
GRAYSRF_81W_31N,31.399,-80.869,7/1/17,9:17,461.1,2,10.18,413.2,2,9.54,1018,28.2,98.42,28.224,36.51,465.9,417.2,449.4,402.4,47,450.8,403.6,47.1,-999,5,-999,5,0.646,2,196.6,2
GRAYSRF_81W_31N,31.399,-80.869,7/1/17,12:17,462.7,2,10.56,408.9,2,9.6,1019.9,28,98.32,28.226,36.497,467.7,412.9,452,399.1,53,453.4,400.3,53.1,-999,5,-999,5,0.623,2,196.4,2
GRAYSRF_81W_31N,31.399,-80.869,7/1/17,15:17,464.2,2,10.82,416.5,2,9.83,1020.2,28.5,98.46,28.291,36.485,469.3,420.6,453.6,406.6,47,455,407.9,47.2,-999,5,-999,5,0.597,2,197.5,2
GRAYSRF_81W_31N,31.399,-80.869,7/1/17,18:17,479.8,2,11.27,416.2,2,10.27,1019,29.3,98.46,28.748,36.496,485.3,420.5,468,405.6,62.4,469.5,406.9,62.6,-999,5,-999,5,0.543,2,198,2
GRAYSRF_81W_31N,31.399,-80.869,7/1/17,21:17,475.5,2,11.4,415.1,2,10.45,1018,29.4,98.5,28.756,36.455,481,419.4,463.5,404.1,59.3,464.9,405.4,59.5,8.013,2,-999,5,0.542,2,198.7,2
GRAYSRF_81W_31N,31.399,-80.869,7/2/17,0:17,471.1,2,10.96,413,2,10.65,1018.5,29.1,98.59,28.522,36.449,476.3,417.4,459.4,402.6,56.9,460.8,403.8,57,8.016,2,-999,5,0.51,2,200.2,2
GRAYSRF_81W_31N,31.399,-80.869,7/2/17,3:17,466.7,2,10.29,402.9,2,10.18,1020.5,28.9,98.68,28.369,36.443,471.6,407.1,455.9,393.6,62.4,457.4,394.8,62.6,8.015,2,-999,4,0.489,2,199.4,2
GRAYSRF_81W_31N,31.399,-80.869,7/2/17,6:17,468.1,2,9.97,402.8,2,9.99,1019.9,28.2,98.7,28.299,36.437,472.8,406.9,457,393.2,63.8,458.4,394.4,64,8.016,2,0.594,2,0.489,2,199.3,2
GRAYSRF_81W_31N,31.399,-80.869,7/2/17,9:17,472.1,2,9.46,403.4,2,9.28,1019.7,27.8,98.68,28.251,36.424,476.6,407.1,460.6,393.4,67.1,462,394.7,67.3,8.012,2,-999,5,0.478,2,197.8,2
GRAYSRF_81W_31N,31.399,-80.869,7/2/17,12:17,483.4,2,10.65,406,2,10.11,1020.2,27.6,98.61,28.23,36.405,488.5,410.1,472.3,396.5,75.8,473.8,397.7,76.1,8.007,2,-999,5,0.457,2,195.9,2
GRAYSRF_81W_31N,31.399,-80.869,7/2/17,15:17,491.1,2,11.01,416.9,2,10.19,1020.5,28.8,98.46,28.354,36.387,496.6,421.2,480.2,407.3,72.9,481.6,408.5,73.1,7.997,2,-999,5,0.442,2,196.3,2
GRAYSRF_81W_31N,31.399,-80.869,7/2/17,18:17,500.5,2,11.26,425.2,2,10.57,1019.6,29.2,98.51,28.606,36.121,506.2,429.7,488.7,414.9,73.8,490.2,416.1,74.1,7.992,2,-999,5,0.425,2,198.9,2
GRAYSRF_81W_31N,31.399,-80.869,7/2/17,21:17,496.6,2,11.31,422.3,2,10.67,1018.5,29.5,98.58,28.509,36.076,502.3,426.9,484.5,411.8,72.7,486,413,73,7.991,2,-999,5,0.417,2,200.1,2
GRAYSRF_81W_31N,31.399,-80.869,7/3/17,0:17,499.7,2,10.67,401.8,2,9.82,1019.7,29.2,98.53,28.464,36.237,505.1,405.8,487.8,391.9,95.9,489.3,393.1,96.2,7.99,2,-999,5,0.402,2,201.5,2
GRAYSRF_81W_31N,31.399,-80.869,7/3/17,3:17,496.8,2,10.52,405.2,2,9.9,1019.6,28.5,98.62,28.274,36.261,502.1,409.2,485.1,395.4,89.7,486.6,396.6,90,7.99,2,0.602,2,0.388,2,200.8,2
GRAYSRF_81W_31N,31.399,-80.869,7/3/17,6:17,496.1,2,10.34,402.6,2,9.8,1017.8,28.4,98.61,28.155,36.276,501.3,406.5,483.5,392.2,91.4,485,393.4,91.7,7.99,2,0.6,2,0.366,2,201.3,2
GRAYSRF_81W_31N,31.399,-80.869,7/3/17,9:17,495.8,2,10.27,409.9,2,9.84,1017.6,28.2,98.75,27.988,36.257,500.9,414,483.3,399.4,83.9,484.8,400.6,84.1,7.993,2,-999,5,0.358,2,200.4,2
GRAYSRF_81W_31N,31.399,-80.869,7/3/17,12:17,502.9,2,10.79,415.3,2,10.02,1018.9,28.1,98.64,28.027,36.253,508.4,419.5,491,405.2,85.8,492.6,406.5,86.1,7.988,2,-999,5,0.367,2,198,2
GRAYSRF_81W_31N,31.399,-80.869,7/3/17,15:17,508,2,11.5,416.5,2,10.35,1019.3,29.1,98.55,28.246,36.237,513.9,420.8,496.4,406.5,89.9,497.9,407.7,90.2,7.985,2,-999,5,0.346,2,199.1,2
GRAYSRF_81W_31N,31.399,-80.869,7/3/17,18:17,511,2,11.74,415.9,2,10.83,1018.1,30.3,98.65,28.516,36.224,517,420.4,498.5,405.3,93.2,500.1,406.6,93.5,7.984,2,-999,5,0.343,2,201.1,2
GRAYSRF_81W_31N,31.399,-80.869,7/3/17,21:17,500.4,2,11.72,410.4,2,10.61,1016.6,28.6,98.68,28.395,36.042,506.3,414.8,487.6,399.4,88.1,489.1,400.7,88.4,7.991,2,-999,5,0.347,2,202.5,2
GRAYSRF_81W_31N,31.399,-80.869,7/4/17,0:17,501.7,2,11.28,408,2,10.62,1017.3,29.2,98.85,28.459,36.117,507.4,412.4,488.8,397.3,91.5,490.4,398.6,91.8,7.988,2,-999,5,0.344,2,202.8,2
GRAYSRF_81W_31N,31.399,-80.869,7/4/17,3:17,499.2,2,11,404,2,10.47,1018.1,28.8,98.76,28.232,36.155,504.7,408.3,486.9,393.9,93,488.4,395.1,93.3,7.989,2,0.636,2,0.336,2,202,2
GRAYSRF_81W_31N,31.399,-80.869,7/4/17,6:17,498.4,2,10.42,402.8,2,10.25,1017.3,28.6,98.86,28.126,36.167,503.6,407,485.6,392.4,93.2,487.1,393.6,93.5,7.993,2,0.617,2,0.342,2,201.1,2
GRAYSRF_81W_31N,31.399,-80.869,7/4/17,9:17,497.7,2,10.37,417.4,2,10.21,1016.9,28.4,98.85,27.994,36.165,502.9,421.7,484.8,406.6,78.3,486.3,407.8,78.5,7.993,2,-999,5,0.335,2,200.2,2
GRAYSRF_81W_31N,31.399,-80.869,7/4/17,12:17,501.5,2,11.04,420.1,2,10.28,1018.5,28.2,98.73,27.875,36.187,507.1,424.5,489.9,410,79.8,491.4,411.3,80.1,7.989,2,-999,5,0.346,2,197.2,2
GRAYSRF_81W_31N,31.399,-80.869,7/4/17,15:17,508,2,11.89,409.6,2,10.32,1019.2,28.9,98.61,28.099,36.178,514.1,413.8,496.7,399.8,96.9,498.2,401.1,97.2,7.989,2,-999,5,0.324,2,199.2,2
GRAYSRF_81W_31N,31.399,-80.869,7/4/17,18:17,527.6,2,12.56,417.6,2,11.27,1018.7,32.2,98.6,28.769,36.181,534.3,422.4,515.1,407.3,107.9,516.7,408.5,108.2,7.977,2,-999,5,0.317,2,200.5,2
GRAYSRF_81W_31N,31.399,-80.869,7/4/17,21:17,513.1,2,12.57,412.7,2,11.26,1017.4,30.9,98.55,28.762,36.208,519.6,417.4,500.3,401.9,98.4,501.9,403.1,98.7,7.981,2,-999,5,0.308,2,200.5,2
GRAYSRF_81W_31N,31.399,-80.869,7/5/17,0:17,503.9,2,11.76,405,2,10.79,1018.1,29.9,98.64,28.382,36.237,509.8,409.4,491.7,394.8,96.9,493.2,396,97.2,7.99,2,-999,5,0.348,2,201.3,2
GRAYSRF_81W_31N,31.399,-80.869,7/5/17,3:17,502,2,11.11,401.3,2,10.69,1019,29,98.7,28.173,36.23,507.7,405.6,490.3,391.7,98.5,491.8,392.9,98.8,7.984,2,0.604,2,0.306,2,201.5,2
GRAYSRF_81W_31N,31.399,-80.869,7/5/17,6:17,499.6,2,10.57,403.8,2,10.13,1018.8,28.7,98.68,27.985,36.236,504.9,407.9,487.8,394.1,93.7,489.3,395.3,94,7.991,2,0.58,2,0.314,2,200.8,2
GRAYSRF_81W_31N,31.399,-80.869,7/5/17,9:17,497.3,2,10.65,414.8,2,10.25,1019.3,28.4,98.69,27.901,36.235,502.7,419.1,485.9,405,80.8,487.4,406.3,81.1,7.992,2,-999,5,0.347,2,200.1,2
GRAYSRF_81W_31N,31.399,-80.869,7/5/17,12:17,496.3,2,11.11,411.3,2,9.92,1020.5,28.1,98.53,27.788,36.224,501.9,415.4,485.8,402.1,83.7,487.4,403.4,84,7.994,2,-999,5,0.334,2,199,2
GRAYSRF_81W_31N,31.399,-80.869,7/5/17,15:17,512.5,2,11.75,411.7,2,10.33,1020.8,29.3,98.45,28.27,36.199,518.6,416,501.6,402.4,99.2,503.2,403.6,99.5,7.986,2,-999,5,0.316,2,197.6,2
GRAYSRF_81W_31N,31.399,-80.869,7/5/17,18:17,532,2,12.76,413.9,2,11.33,1020.4,32.2,98.4,28.879,36.195,538.9,418.7,520.3,404.3,116.1,521.9,405.5,116.4,7.978,2,-999,5,0.311,2,198.2,2
GRAYSRF_81W_31N,31.399,-80.869,7/5/17,21:17,517.4,2,12.7,411.9,2,11.54,1018.8,31.7,98.46,28.936,36.188,524.1,416.7,505.2,401.7,103.5,506.7,402.9,103.8,7.977,2,-999,5,0.32,2,199.7,2
GRAYSRF_81W_31N,31.399,-80.869,7/6/17,0:17,498.5,2,11.63,404.5,2,11.01,1019.6,30.1,98.59,28.459,36.173,504.3,409,487,395,92,488.5,396.2,92.3,7.989,2,-999,5,0.31,2,202.4,2
GRAYSRF_81W_31N,31.399,-80.869,7/6/17,3:17,493.9,2,11.22,402.8,2,10.59,1020.9,29.1,98.6,28.204,36.158,499.5,407.1,483.3,393.9,89.4,484.8,395.1,89.7,7.99,2,0.602,2,0.301,2,201.8,2
GRAYSRF_81W_31N,31.399,-80.869,7/6/17,6:17,496.4,2,10.79,402.2,2,10.33,1019.7,28.5,98.61,28.172,36.152,501.8,406.4,485,392.8,92.2,486.5,394,92.5,7.992,2,0.591,2,0.299,2,201,2
GRAYSRF_81W_31N,31.399,-80.869,7/6/17,9:17,493.9,2,10.54,401.3,2,10.26,1019.5,28.4,98.65,28.019,36.158,499.2,405.4,482.5,391.9,90.6,484,393.1,90.9,7.993,2,-999,5,0.297,2,200.6,2
GRAYSRF_81W_31N,31.399,-80.869,7/6/17,12:17,489.1,2,11.34,407.2,2,10.67,1020.7,28.3,98.59,27.892,36.182,494.7,411.6,478.9,398.4,80.5,480.4,399.6,80.7,7.995,2,-999,5,0.309,2,200.1,2
GRAYSRF_81W_31N,31.399,-80.869,7/6/17,15:17,498,2,11.72,414.5,2,10.67,1021.3,29.8,98.6,28.081,36.187,503.9,419,487.9,405.7,82.2,489.4,406.9,82.5,7.994,2,-999,5,0.307,2,201.3,2
GRAYSRF_81W_31N,31.399,-80.869,7/6/17,18:17,502.5,2,12.2,416.1,2,11.03,1020.5,30.9,98.49,28.491,36.176,508.7,420.7,491.7,406.6,85,493.2,407.9,85.3,7.991,2,-999,5,0.305,2,201.1,2
GRAYSRF_81W_31N,31.399,-80.869,7/6/17,21:17,492.9,2,12.12,411.3,2,11.18,1018.1,29.8,98.63,28.492,36.235,498.9,416,481.1,401.1,80,482.6,402.3,80.2,7.996,2,-999,5,0.296,2,202.8,2
GRAYSRF_81W_31N,31.399,-80.869,7/7/17,0:17,487.8,2,11.64,403.2,2,10.83,1018.4,29.4,98.7,28.35,36.258,493.6,407.6,476.2,393.3,83,477.7,394.5,83.2,8.002,2,-999,5,0.316,2,203.4,2
GRAYSRF_81W_31N,31.399,-80.869,7/7/17,3:17,481.6,2,10.94,401.8,2,10.37,1019.1,28.7,98.76,28.038,36.262,486.9,406,470.4,392.2,78.2,471.9,393.5,78.4,8.002,2,0.52,2,0.327,2,204.3,2
GRAYSRF_81W_31N,31.399,-80.869,7/7/17,6:17,480.3,2,10.56,401.3,2,10.14,1018.8,28.2,98.92,27.797,36.266,485.4,405.4,469,391.7,77.3,470.5,393,77.5,8.004,2,0.536,2,0.321,2,204.7,2
GRAYSRF_81W_31N,31.399,-80.869,7/7/17,9:17,478.7,2,10.29,412.5,2,9.83,1017.8,28,98.89,27.647,36.285,483.7,416.6,467.1,402.3,64.8,468.5,403.5,65,8.002,2,-999,5,0.314,2,203.6,2
GRAYSRF_81W_31N,31.399,-80.869,7/7/17,12:17,478.7,2,11.19,416,2,10.29,1018.9,28,98.9,27.556,36.294,484.1,420.3,468.1,406.4,61.7,469.5,407.7,61.9,8.007,2,-999,5,0.323,2,202.9,2
GRAYSRF_81W_31N,31.399,-80.869,7/7/17,15:17,486.7,2,11.35,416.6,2,10.45,1019.2,28.9,98.8,27.659,36.28,492.3,421,476.1,407.1,69,477.6,408.4,69.2,8.002,2,-999,5,0.324,2,203,2
GRAYSRF_81W_31N,31.399,-80.869,7/7/17,18:17,493.9,2,12.02,412.2,2,11,1018.4,30.2,98.78,28.068,36.273,499.9,416.8,482.6,402.4,80.2,484.1,403.6,80.4,7.995,2,-999,5,0.329,2,203.4,2
GRAYSRF_81W_31N,31.399,-80.869,7/7/17,21:17,485.2,2,12.04,409.5,2,10.96,1015.9,29.4,98.89,27.93,36.289,491.1,414,473,398.8,74.2,474.5,400,74.4,8.002,2,-999,5,0.346,2,206.6,2
GRAYSRF_81W_31N,31.399,-80.869,7/8/17,0:17,487.9,2,11.65,407.7,2,10.91,1015.6,29.1,98.9,27.955,36.252,493.6,412.2,475.3,396.9,78.4,476.8,398.1,78.7,7.999,2,-999,5,0.345,2,206.2,2
GRAYSRF_81W_31N,31.399,-80.869,7/8/17,3:17,485.1,2,10.61,402,2,10.53,1016.9,28.6,99.07,27.518,36.259,490.3,406.3,473.2,392.1,81.1,474.7,393.3,81.4,8.003,2,0.567,2,0.332,2,205.8,2
GRAYSRF_81W_31N,31.399,-80.869,7/8/17,6:17,481.8,2,10.27,407.1,2,10.03,1016.4,27.9,99.01,27.076,36.275,486.7,411.2,469.9,397,72.9,471.4,398.3,73.1,8.007,2,0.56,2,0.347,2,205.5,2
GRAYSRF_81W_31N,31.399,-80.869,7/8/17,9:17,481.1,2,10.03,412.8,2,9.75,1016.5,27.6,98.93,26.826,36.266,485.9,416.9,469.4,402.7,66.7,470.9,404,66.9,8.004,2,-999,5,0.34,2,204.8,2
GRAYSRF_81W_31N,31.399,-80.869,7/8/17,12:17,482.5,2,10.69,419.5,2,9.85,1017.5,27.3,98.73,26.625,36.26,487.7,423.7,471.8,409.9,61.9,473.3,411.2,62.1,7.998,2,-999,5,0.343,2,204.6,2
GRAYSRF_81W_31N,31.399,-80.869,7/8/17,15:17,484.5,2,11,422,2,9.95,1017.9,28.4,98.75,26.8,36.264,489.9,426.2,474,412.4,61.6,475.4,413.7,61.8,8.003,2,-999,5,0.334,2,204.1,2
GRAYSRF_81W_31N,31.399,-80.869,7/8/17,18:17,490.9,2,11.43,411.4,2,10.6,1016.7,29.7,98.75,27.102,36.264,496.6,415.8,479.5,401.6,78,481,402.8,78.2,8.007,2,-999,5,0.333,2,206.5,2
GRAYSRF_81W_31N,31.399,-80.869,7/8/17,21:17,485.9,2,11.5,408.5,2,10.63,1014.9,28.8,98.82,27.065,36.263,491.6,412.9,473.9,398.1,75.8,475.3,399.3,76,8.006,2,-999,5,0.342,2,207.7,2
GRAYSRF_81W_31N,31.399,-80.869,7/9/17,0:17,482.4,2,10.45,402.7,2,10.14,1015.5,28.3,98.89,26.731,36.258,487.5,406.8,470.5,392.7,77.9,472,393.9,78.1,8.005,2,-999,5,0.334,2,208,2
GRAYSRF_81W_31N,31.399,-80.869,7/9/17,3:17,479.6,2,10.16,405.5,2,9.83,1016.9,27.5,98.92,26.424,36.26,484.5,409.5,468.6,396.1,72.5,470.1,397.3,72.7,8.008,2,0.569,2,0.341,2,207,2
GRAYSRF_81W_31N,31.399,-80.869,7/9/17,6:17,480.2,2,10,404.6,2,9.75,1016.6,27.2,98.83,26.376,36.259,485.1,408.5,469.1,395.1,74,470.6,396.3,74.3,8.004,2,0.551,2,0.344,2,206.6,2
GRAYSRF_81W_31N,31.399,-80.869,7/9/17,9:17,480.6,2,9.84,408.8,2,9.73,1016.6,27.1,98.79,26.296,36.259,485.4,412.8,469.5,399.3,70.2,470.9,400.5,70.4,8.008,2,-999,5,0.341,2,206.1,2
GRAYSRF_81W_31N,31.399,-80.869,7/9/17,12:17,480.8,2,10.72,415.8,2,10.69,1017.8,27,98.73,26.121,36.257,486,420.3,470.8,407.1,63.7,472.3,408.4,63.9,8.008,2,-999,5,0.339,2,203.9,2
GRAYSRF_81W_31N,31.399,-80.869,7/9/17,15:17,499.2,2,11.11,415.1,2,10.4,1018.1,29.5,98.52,26.561,36.261,504.8,419.5,488.8,406.1,82.6,490.3,407.4,82.9,7.993,2,-999,5,0.33,2,203.8,2
GRAYSRF_81W_31N,31.399,-80.869,7/9/17,18:17,503.7,2,11.88,412.4,2,10.94,1017.4,32.1,98.49,27.065,36.262,509.7,416.9,492.6,403,89.7,494.2,404.2,90,7.999,2,-999,5,0.374,2,205.8,2
GRAYSRF_81W_31N,31.399,-80.869,7/9/17,21:17,491.2,2,11.66,406.1,2,11.03,1016.2,29.7,98.58,27.145,36.263,497,410.7,479.6,396.3,83.3,481.1,397.6,83.5,8.001,2,-999,5,0.336,2,208.7,2
GRAYSRF_81W_31N,31.399,-80.869,7/10/17,0:17,482.1,2,11.3,408.3,2,10.6,1015.8,28.6,98.62,26.747,36.251,487.6,412.6,470.8,398.4,72.4,472.3,399.6,72.6,8.007,2,-999,5,0.341,2,208.1,2
GRAYSRF_81W_31N,31.399,-80.869,7/10/17,3:17,478.7,2,10.31,403.8,2,9.91,1017.7,27.7,98.64,26.39,36.246,483.7,407.8,468.2,394.8,73.4,469.7,396,73.7,8.008,2,0.605,2,0.351,2,206.9,2
GRAYSRF_81W_31N,31.399,-80.869,7/10/17,6:17,480,2,10.12,404.3,2,9.64,1017.7,27.1,98.59,26.45,36.246,484.9,408.3,469.3,395.2,74.1,470.8,396.4,74.4,8.009,2,0.606,2,0.335,2,206.7,2
GRAYSRF_81W_31N,31.399,-80.869,7/10/17,9:17,481.3,2,9.87,404.9,2,9.43,1017.3,26.8,98.55,26.383,36.248,486.1,408.8,470.4,395.5,74.9,471.9,396.8,75.1,8.004,2,-999,5,0.336,2,205.8,2
GRAYSRF_81W_31N,31.399,-80.869,7/10/17,12:17,477.6,2,10.48,408.8,2,10.15,1018.1,26.7,98.57,26.11,36.247,482.7,413,467.7,400.2,67.6,469.2,401.4,67.8,8.009,2,-999,5,-999,4,204.6,2
GRAYSRF_81W_31N,31.399,-80.869,7/10/17,15:17,488.2,2,10.92,411.5,2,9.9,1019.3,28.3,98.4,26.482,36.25,493.6,415.6,478.5,402.9,75.7,480.1,404.2,75.9,8.01,2,-999,5,-999,4,204.6,2
GRAYSRF_81W_31N,31.399,-80.869,7/10/17,18:17,495.9,2,11.73,405.2,2,10.47,1018.5,30.6,98.35,26.81,36.246,501.7,409.5,485.7,396.4,89.3,487.2,397.6,89.6,8.004,2,-999,5,-999,4,205.9,2
GRAYSRF_81W_31N,31.399,-80.869,7/10/17,21:17,487,2,11.5,405.5,2,10.73,1018,29.1,98.47,26.917,36.247,492.6,409.9,476.5,396.5,80,478,397.8,80.3,8.004,2,-999,5,-999,4,208,2
GRAYSRF_81W_31N,31.399,-80.869,7/11/17,0:17,483.2,2,10.79,409.8,2,10.31,1018.1,28.3,98.54,26.842,36.25,488.5,414.1,472.7,400.7,72,474.1,401.9,72.2,8.006,2,-999,5,-999,4,206.9,2
GRAYSRF_81W_31N,31.399,-80.869,7/11/17,3:17,485.4,2,10.3,403.4,2,9.77,1019.3,27.5,98.49,26.767,36.251,490.5,407.3,475.2,394.6,80.6,476.7,395.9,80.8,8.004,2,0.577,2,0.341,2,204.7,2
GRAYSRF_81W_31N,31.399,-80.869,7/11/17,6:17,484.9,2,10.07,402.5,2,9.65,1018,27,98.49,26.576,36.246,489.8,406.4,474.1,393.4,80.8,475.6,394.6,81,8.003,2,0.572,2,0.33,2,204.6,2
GRAYSRF_81W_31N,31.399,-80.869,7/11/17,9:17,483.1,2,9.89,403.4,2,9.42,1018.3,26.9,98.45,26.501,36.242,487.9,407.2,472.5,394.4,78.2,474,395.6,78.4,8.005,2,-999,5,0.339,2,204.4,2
GRAYSRF_81W_31N,31.399,-80.869,7/11/17,12:17,484.5,2,10.56,423.3,2,10.07,1019.4,26.7,98.48,26.409,36.249,489.7,427.6,474.8,414.6,60.2,476.3,415.9,60.4,8.005,2,-999,5,0.325,2,204,2
GRAYSRF_81W_31N,31.399,-80.869,7/11/17,15:17,505.2,2,12.14,408.4,2,11.23,1020.5,28.6,98.39,26.569,36.254,511.4,413,496.3,400.8,95.4,497.9,402.1,95.7,8.003,2,-999,5,0.323,2,203.5,2
GRAYSRF_81W_31N,31.399,-80.869,7/11/17,18:17,522.9,2,12.39,415.3,2,10.53,1019.6,33.7,98.18,26.79,36.253,529.5,419.7,513.1,406.8,106.3,514.8,408.1,106.7,7.995,2,-999,5,0.311,2,204.8,2
GRAYSRF_81W_31N,31.399,-80.869,7/11/17,21:17,502.6,2,12.91,403.4,2,11.12,1017.9,31.6,98.24,27.446,36.254,509.2,408,492,394.2,97.8,493.5,395.4,98.1,7.992,2,-999,5,0.33,2,204.8,2
GRAYSRF_81W_31N,31.399,-80.869,7/12/17,0:17,499,2,11.61,403.5,2,10.13,1019.4,29.4,98.27,27.471,36.269,504.8,407.6,488.5,394.4,94.1,490,395.6,94.4,7.991,2,-999,5,0.323,2,202.6,2
GRAYSRF_81W_31N,31.399,-80.869,7/12/17,3:17,492.8,2,10.95,401.7,2,10.02,1020.5,28.4,98.31,27.089,36.27,498.2,405.8,483,393.4,89.6,484.5,394.6,89.9,8.002,2,0.579,2,0.317,2,204.4,2
GRAYSRF_81W_31N,31.399,-80.869,7/12/17,6:17,491.9,2,10.89,400.4,2,10.4,1019.2,28,98.38,26.926,36.264,497.3,404.6,481.7,391.8,89.8,483.2,393.1,90.1,8.001,2,0.596,2,0.322,2,204.3,2
GRAYSRF_81W_31N,31.399,-80.869,7/12/17,9:17,492.6,2,10.64,400.6,2,10.26,1019.8,27.9,98.34,26.97,36.255,497.9,404.7,482.5,392.2,90.3,484,393.4,90.6,7.996,2,-999,5,0.315,2,203.2,2
GRAYSRF_81W_31N,31.399,-80.869,7/12/17,12:17,493.5,2,11.42,399.8,2,11.41,1021.7,27.8,98.43,26.844,36.257,499.1,404.4,484.7,392.7,92,486.2,393.9,92.3,8.002,2,-999,5,0.322,2,203.2,2
GRAYSRF_81W_31N,31.399,-80.869,7/12/17,15:17,500.2,2,12.55,399.4,2,11.95,1022.2,29.4,98.34,27.25,36.26,506.5,404.2,491.7,392.4,99.3,493.3,393.6,99.6,7.992,2,-999,5,0.314,2,202.1,2
GRAYSRF_81W_31N,31.399,-80.869,7/12/17,18:17,525.5,2,12.62,398.8,2,11.09,1021.2,33.1,98.19,27.19,36.263,532.2,403.3,516.2,391.1,125.1,517.8,392.4,125.4,7.989,2,-999,5,0.298,2,203.5,2
GRAYSRF_81W_31N,31.399,-80.869,7/12/17,21:17,514.1,2,12.71,400,2,10.99,1020.4,31.9,98.1,27.617,36.262,520.7,404.5,504.2,391.6,112.6,505.8,392.9,112.9,7.986,2,-999,5,0.305,2,200.2,2
GRAYSRF_81W_31N,31.399,-80.869,7/13/17,0:17,506.6,2,12.53,399.9,2,11,1020.7,30.7,98.19,27.965,36.275,513,404.3,496.5,391.3,105.2,498.1,392.5,105.6,7.988,2,-999,5,0.314,2,202.7,2
GRAYSRF_81W_31N,31.399,-80.869,7/13/17,3:17,497.9,2,11.26,400.3,2,10.49,1021.2,29.3,98.34,27.619,36.278,503.5,404.6,488,392.1,95.9,489.5,393.3,96.2,7.999,2,0.514,2,0.321,2,204,2
GRAYSRF_81W_31N,31.399,-80.869,7/13/17,6:17,492,2,10.98,400.1,2,10.5,1020.8,28.6,98.35,27.24,36.274,497.5,404.3,482.3,392,90.3,483.8,393.2,90.6,7.993,2,0.536,2,0.322,2,204.2,2
GRAYSRF_81W_31N,31.399,-80.869,7/13/17,9:17,499,2,10.82,399.5,2,10.43,1020.4,28.3,98.36,27.485,36.27,504.4,403.7,488.6,391,97.5,490.1,392.3,97.8,7.993,2,-999,5,0.311,2,202,2
GRAYSRF_81W_31N,31.399,-80.869,7/13/17,12:17,502.7,2,11.93,398.4,2,11.89,1021.4,28.3,98.43,27.438,36.271,508.8,403.2,493.3,391,102.4,494.9,392.2,102.7,7.992,2,-999,5,0.318,2,200.5,2
GRAYSRF_81W_31N,31.399,-80.869,7/13/17,15:17,520.1,2,12.2,398.1,2,11.41,1022.5,30.2,98.29,27.929,36.281,526.6,402.7,510.6,390.5,120.1,512.2,391.7,120.5,7.979,2,-999,5,0.306,2,200.5,2
GRAYSRF_81W_31N,31.399,-80.869,7/13/17,18:17,535,2,13.02,397.5,2,11.59,1022,31.5,98.15,28.331,36.257,542,402.1,524.9,389.4,135.5,526.5,390.6,135.9,7.982,2,-999,5,0.304,2,201.5,2
GRAYSRF_81W_31N,31.399,-80.869,7/13/17,21:17,516.6,2,12.96,397.6,2,11.52,1020.2,31.5,98.11,28.181,36.279,523.4,402.2,506.1,388.9,117.2,507.7,390.1,117.6,7.983,2,-999,5,0.31,2,201,2
GRAYSRF_81W_31N,31.399,-80.869,7/14/17,0:17,505.4,2,12.47,397.3,2,11.37,1020.3,30.5,98.24,28.011,36.278,511.8,401.9,495.1,388.8,106.3,496.6,390,106.6,7.986,2,-999,5,0.311,2,202,2
GRAYSRF_81W_31N,31.399,-80.869,7/14/17,3:17,498.9,2,11.54,397.7,2,10.87,1021,29.4,98.35,28.083,36.24,504.7,402,488.5,389.1,99.4,490.1,390.3,99.7,7.989,2,0.543,2,0.324,2,203.4,2
GRAYSRF_81W_31N,31.399,-80.869,7/14/17,6:17,491.4,2,11.22,397.6,2,10.72,1020.8,28.9,98.47,27.75,36.244,497,401.9,481.3,389.2,92,482.8,390.4,92.3,7.994,2,0.518,2,0.34,2,203.4,2
GRAYSRF_81W_31N,31.399,-80.869,7/14/17,9:17,505.8,2,11.05,397.7,2,10.72,1020.1,28.6,98.41,27.983,36.273,511.5,402,494.7,388.8,105.9,496.3,390,106.2,7.989,2,-999,5,0.324,2,201,2
GRAYSRF_81W_31N,31.399,-80.869,7/14/17,12:17,510.2,2,12.08,396.6,2,12.04,1021.7,28.5,98.51,27.855,36.273,516.4,401.5,500.4,389,111.4,502,390.3,111.7,7.977,2,-999,5,0.312,2,199.2,2
GRAYSRF_81W_31N,31.399,-80.869,7/14/17,15:17,518.9,2,13.53,396.2,2,12.54,1022.3,30.5,98.29,28.068,36.275,526,401.2,509.8,388.9,121,511.4,390.1,121.3,7.984,2,-999,5,0.311,2,201.4,2
GRAYSRF_81W_31N,31.399,-80.869,7/14/17,18:17,-999,4,13.02,396.2,2,11.59,1021,32.1,98.22,28.391,36.267,-999,400.9,-999,387.7,-999,-999,388.9,-999,7.975,2,-999,5,0.305,2,201.6,2
GRAYSRF_81W_31N,31.399,-80.869,7/14/17,21:17,524.4,2,13.13,397.5,2,11.33,1019.4,32,98.11,28.987,36.29,531.3,402,512.4,387.7,124.7,514,388.9,125.1,7.97,2,-999,5,0.317,2,201.3,2
GRAYSRF_81W_31N,31.399,-80.869,7/15/17,0:17,505.9,2,12.17,397.5,2,10.95,1019,30,98.32,28.463,36.282,512.1,401.9,494.3,387.8,106.4,495.8,389,106.7,7.98,2,-999,5,0.343,2,203.1,2
GRAYSRF_81W_31N,31.399,-80.869,7/15/17,3:17,494.5,2,11.3,397.7,2,10.46,1019.6,28.7,98.43,27.895,36.258,500.1,401.9,483.6,388.6,95,485.1,389.9,95.2,7.993,2,0.529,2,0.329,2,203.9,2
GRAYSRF_81W_31N,31.399,-80.869,7/15/17,6:17,491.5,2,11.16,397.8,2,10.54,1019.3,28.3,98.47,27.745,36.254,497,402.1,480.6,388.8,91.8,482.1,390,92.1,7.998,2,0.543,2,0.338,2,202.8,2
GRAYSRF_81W_31N,31.399,-80.869,7/15/17,9:17,487.4,2,10.93,398.1,2,10.37,1018.7,28.1,98.55,27.738,36.269,492.7,402.2,476.2,388.7,87.4,477.6,389.9,87.7,7.995,2,-999,5,0.341,2,203.3,2
GRAYSRF_81W_31N,31.399,-80.869,7/15/17,12:17,498.3,2,11.86,398.1,2,11.04,1019.3,28.1,98.58,27.845,36.27,504.3,402.6,487.5,389.2,98.3,489,390.4,98.6,7.989,2,-999,5,0.345,2,201.5,2
GRAYSRF_81W_31N,31.399,-80.869,7/15/17,15:17,500.6,2,12.17,401.4,2,10.96,1019.3,29.7,98.49,27.906,36.274,506.7,405.9,489.8,392.3,97.5,491.3,393.6,97.8,7.992,2,-999,5,0.34,2,202.5,2
GRAYSRF_81W_31N,31.399,-80.869,7/15/17,18:17,501.4,2,12.29,400.6,2,11.15,1017.8,31.1,98.47,28.044,36.254,507.7,405.1,489.8,390.9,99,491.4,392.1,99.3,7.995,2,-999,5,0.353,2,203.3,2
GRAYSRF_81W_31N,31.399,-80.869,7/15/17,21:17,506.4,2,12.19,398.4,2,10.85,1015.8,29.4,98.47,28.361,36.272,512.6,402.8,493.2,387.6,105.7,494.7,388.8,106,7.986,2,-999,5,0.339,2,203,2
GRAYSRF_81W_31N,31.399,-80.869,7/16/17,0:17,499.1,2,11.27,398,2,10.5,1015.5,28.8,98.54,28.221,36.272,504.7,402.2,485.7,387,98.7,487.2,388.2,99,7.991,2,-999,5,0.376,2,203.6,2
GRAYSRF_81W_31N,31.399,-80.869,7/16/17,3:17,489.7,2,11.15,398,2,10.38,1016.6,28.2,98.62,27.923,36.253,495.3,402.2,477.4,387.7,89.8,478.9,388.9,90,7.995,2,0.603,2,0.386,2,203.7,2
GRAYSRF_81W_31N,31.399,-80.869,7/16/17,6:17,487.4,2,10.94,398.1,2,10.49,1015.7,28.1,98.65,27.779,36.235,492.8,402.3,474.7,387.6,87.1,476.2,388.8,87.4,7.999,2,0.597,2,0.41,2,203.3,2
GRAYSRF_81W_31N,31.399,-80.869,7/16/17,9:17,493.5,2,10.87,398.8,2,10.48,1015,28.1,98.6,27.786,36.279,499,403.1,480.3,388,92.3,481.8,389.2,92.6,7.994,2,-999,5,0.419,2,201.4,2
GRAYSRF_81W_31N,31.399,-80.869,7/16/17,12:17,491.4,2,11.13,406.7,2,10.67,1016.6,27.9,98.6,27.703,36.276,497,411.1,479.3,396.4,82.8,480.8,397.7,83.1,7.993,2,-999,5,0.448,2,200.2,2
GRAYSRF_81W_31N,31.399,-80.869,7/16/17,15:17,497.9,2,11.91,408.8,2,10.75,1016.2,28.7,98.49,27.767,36.282,503.9,413.3,485.7,398.3,87.4,487.2,399.6,87.6,7.995,2,-999,5,0.476,2,202,2
GRAYSRF_81W_31N,31.399,-80.869,7/16/17,18:17,510.4,2,12.22,412.8,2,11.15,1014.9,29.9,98.5,28.281,36.291,516.7,417.4,496.8,401.4,95.4,498.3,402.6,95.7,7.988,2,-999,5,0.481,2,200.9,2
GRAYSRF_81W_31N,31.399,-80.869,7/16/17,21:17,505.5,2,11.56,401.6,2,11.12,1014.3,29.8,98.51,28.265,36.291,511.4,406.1,491.4,390.3,101.2,492.9,391.5,101.5,7.988,2,-999,5,0.511,2,201.2,2
GRAYSRF_81W_31N,31.399,-80.869,7/17/17,0:17,491.3,2,9.81,400.3,2,9.65,1016.4,28.3,98.6,27.977,36.252,496.2,404.2,478.1,389.5,88.6,479.6,390.7,88.9,7.994,2,-999,5,0.538,2,201.6,2
GRAYSRF_81W_31N,31.399,-80.869,7/17/17,3:17,489.6,2,10.3,400.2,2,9.85,1015.7,27.1,98.59,27.916,36.256,494.7,404.2,476.4,389.2,87.2,477.9,390.5,87.5,7.993,2,0.625,2,0.539,2,200.6,2
GRAYSRF_81W_31N,31.399,-80.869,7/17/17,6:17,497.6,2,10.33,401.9,2,9.86,1015.3,27,98.51,27.924,36.275,502.8,405.9,484,390.7,93.3,485.5,391.9,93.6,7.994,2,0.613,2,0.537,2,199.7,2
GRAYSRF_81W_31N,31.399,-80.869,7/17/17,9:17,499.1,2,10.53,400.8,2,10.1,1014.8,27.1,98.41,27.864,36.275,504.4,404.9,485.3,389.6,95.7,486.8,390.8,96,7.993,2,-999,5,0.537,2,197.1,2
GRAYSRF_81W_31N,31.399,-80.869,7/17/17,12:17,500.5,2,11.01,399.5,2,10.57,1016,27.6,98.37,27.708,36.267,506.1,403.7,487.8,389.1,98.7,489.3,390.3,99,7.998,2,-999,5,0.528,2,197.3,2
GRAYSRF_81W_31N,31.399,-80.869,7/17/17,15:17,489.9,2,10.56,399.6,2,9.83,1017.2,28,98.29,27.722,36.259,495.1,403.6,477.8,389.5,88.3,479.3,390.7,88.6,7.996,2,-999,5,0.542,2,200,2
GRAYSRF_81W_31N,31.399,-80.869,7/17/17,18:17,483.1,2,10.33,400.1,2,9.73,1016.7,27.4,98.34,27.634,36.235,488.1,404,470.9,389.7,81.2,472.3,390.9,81.4,8.006,2,-999,5,0.592,2,201.1,2
GRAYSRF_81W_31N,31.399,-80.869,7/17/17,21:17,484.2,2,11.04,400,2,10.19,1016.6,27.5,98.31,27.607,36.193,489.6,404.1,472.2,389.8,82.4,473.7,391,82.7,8.007,2,-999,5,0.666,2,201,2
GRAYSRF_81W_31N,31.399,-80.869,7/18/17,0:17,474.1,2,9.14,402.1,2,8.84,1016.9,27.1,98.41,27.518,36.2,478.4,405.7,461.7,391.5,70.2,463.1,392.7,70.4,8.003,2,-999,5,0.703,2,201.8,2
GRAYSRF_81W_31N,31.399,-80.869,7/18/17,3:17,481,2,9.67,401.1,2,9.17,1017.6,26.1,98.41,27.658,36.237,485.7,404.8,468.9,390.9,78,470.4,392.1,78.3,8,2,0.631,2,0.672,2,199.2,2
GRAYSRF_81W_31N,31.399,-80.869,7/18/17,6:17,482.4,2,10.2,400.7,2,9.59,1016.8,26.1,98.42,27.55,36.185,487.4,404.6,470.3,390.4,79.9,471.7,391.6,80.1,8.004,2,0.64,2,0.608,2,199.4,2
GRAYSRF_81W_31N,31.399,-80.869,7/18/17,9:17,483.9,2,10.43,400.5,2,9.78,1017.2,26.7,98.35,27.48,36.095,489,404.5,472,390.5,81.6,473.5,391.7,81.8,8.003,2,-999,5,0.611,2,198.1,2
GRAYSRF_81W_31N,31.399,-80.869,7/18/17,12:17,487.6,2,10.82,400.4,2,9.87,1018.8,27.1,98.26,27.497,36.257,493,404.4,476.7,391,85.6,478.2,392.3,85.9,8,2,-999,5,0.61,2,197.6,2
GRAYSRF_81W_31N,31.399,-80.869,7/18/17,15:17,488.7,2,11.59,409.5,2,10.47,1019.9,28.4,98.25,27.467,36.166,494.4,413.8,478.7,400.6,78,480.2,401.9,78.3,8.002,2,-999,5,0.611,2,199.3,2
GRAYSRF_81W_31N,31.399,-80.869,7/18/17,18:17,488.7,2,12.61,411.1,2,10.93,1019,30.6,98.25,27.766,35.978,494.9,415.7,478.4,401.8,76.6,479.9,403.1,76.8,7.998,2,-999,5,0.6,2,199.5,2
GRAYSRF_81W_31N,31.399,-80.869,7/18/17,21:17,494.3,2,13.35,409.5,2,11.4,1018.2,32.6,98.18,27.954,35.95,500.9,414.2,483.6,399.9,83.7,485.1,401.1,84,7.996,2,-999,5,0.593,2,198.3,2
GRAYSRF_81W_31N,31.399,-80.869,7/19/17,0:17,489.1,2,12.19,407.4,2,11.04,1018.7,30.8,98.21,27.78,36.072,495.2,411.9,478.5,398,80.4,480,399.3,80.7,8.007,2,-999,5,0.634,2,200.5,2
GRAYSRF_81W_31N,31.399,-80.869,7/19/17,3:17,485.3,2,11.79,403.4,2,10.98,1019.6,29.3,98.28,27.721,36.192,491.1,407.9,475,394.5,80.5,476.5,395.7,80.7,8.001,2,0.604,2,0.599,2,200.1,2
GRAYSRF_81W_31N,31.399,-80.869,7/19/17,6:17,480.2,2,11.59,400.6,2,10.9,1019.2,28.8,98.27,27.642,36.079,485.8,405,469.8,391.7,78.1,471.3,392.9,78.4,8.005,2,0.619,2,0.598,2,199.4,2
GRAYSRF_81W_31N,31.399,-80.869,7/19/17,9:17,479.4,2,11.36,400.6,2,10.77,1018,28.4,98.29,27.594,36.077,484.9,404.9,468.4,391.2,77.2,469.9,392.4,77.5,8.004,2,-999,5,0.593,2,199.2,2
GRAYSRF_81W_31N,31.399,-80.869,7/19/17,12:17,485.7,2,11.6,411.2,2,10.81,1020,28.3,98.23,27.543,36.143,491.4,415.6,475.7,402.4,73.3,477.2,403.6,73.6,8.003,2,-999,5,0.598,2,199.1,2
GRAYSRF_81W_31N,31.399,-80.869,7/19/17,15:17,486.4,2,12.22,401.2,2,10.82,1020.9,29.6,98.16,27.729,36.124,492.5,405.6,477,392.8,84.1,478.4,394,84.4,8.001,2,-999,5,0.603,2,202,2
GRAYSRF_81W_31N,31.399,-80.869,7/19/17,18:17,493.2,2,12.38,400.2,2,11,1019.3,29.1,98.29,27.903,36.061,499.4,404.7,482.7,391.2,91.5,484.2,392.4,91.8,7.996,2,-999,5,0.55,2,201.3,2
GRAYSRF_81W_31N,31.399,-80.869,7/19/17,21:17,502.9,2,13.53,398.7,2,11.56,1017.7,32.6,98.18,28.562,35.943,509.8,403.4,491.3,388.7,102.5,492.8,389.9,102.9,7.994,2,-999,5,0.581,2,201.1,2
GRAYSRF_81W_31N,31.399,-80.869,7/20/17,0:17,488.6,2,12.82,400.5,2,11.21,1018.4,31.4,98.21,28.048,35.982,494.9,405,477.8,391,86.8,479.3,392.2,87.1,7.998,2,-999,5,0.941,2,200.2,2
GRAYSRF_81W_31N,31.399,-80.869,7/20/17,3:17,484.2,2,11.94,400.3,2,10.88,1018.9,29,98.33,27.682,36.142,490,404.7,473.7,391.2,82.5,475.2,392.4,82.8,8.005,2,0.617,2,0.978,2,201.8,2
GRAYSRF_81W_31N,31.399,-80.869,7/20/17,6:17,482.8,2,11.58,399.7,2,10.92,1018.4,28.2,98.39,27.549,36.137,488.4,404.1,472,390.5,81.5,473.5,391.8,81.7,8,2,0.589,2,0.89,2,201,2
GRAYSRF_81W_31N,31.399,-80.869,7/20/17,9:17,485.5,2,11.35,400.7,2,10.8,1017.7,28,98.38,27.472,36.1,491.1,405.1,474.4,391.2,83.1,475.8,392.5,83.4,8.001,2,-999,5,0.907,2,198.6,2
GRAYSRF_81W_31N,31.399,-80.869,7/20/17,12:17,484.8,2,11.8,412.1,2,11.08,1018.5,27.9,98.34,27.401,36.146,490.5,416.7,474.3,402.9,71.4,475.7,404.1,71.6,7.999,2,-999,5,0.94,2,198.7,2
GRAYSRF_81W_31N,31.399,-80.869,7/20/17,15:17,494.1,2,14.23,406,2,12.93,1019.7,30.9,98.36,27.828,36.008,501.2,411.3,484.7,397.8,86.9,486.2,399,87.2,8.004,2,-999,5,0.952,2,200.3,2
GRAYSRF_81W_31N,31.399,-80.869,7/20/17,18:17,530.5,2,14.91,403.1,2,12.83,1018.6,36.1,98.22,28.299,36.094,538.5,408.3,519.7,394,125.6,521.3,395.3,126,7.989,2,-999,5,0.81,2,200.1,2
GRAYSRF_81W_31N,31.399,-80.869,7/20/17,21:17,505.4,2,14.66,405.2,2,12.52,1016.2,34.2,98.13,28.273,35.977,512.9,410.4,493.8,395.1,98.7,495.3,396.3,99,7.985,2,-999,5,0.856,2,199.1,2
GRAYSRF_81W_31N,31.399,-80.869,7/21/17,0:17,487.9,2,12.81,397.2,2,10.85,1016.7,30.5,98.1,28.135,36.037,494.2,401.5,476.2,386.9,89.3,477.7,388.1,89.6,7.997,2,-999,5,1.081,2,199.7,2
GRAYSRF_81W_31N,31.399,-80.869,7/21/17,3:17,492.6,2,11.95,401.4,2,11.05,1017.1,28.5,98.22,28.333,36.098,498.6,405.8,480.4,391,89.3,481.9,392.3,89.6,7.996,2,0.571,2,1.101,2,198.5,2
GRAYSRF_81W_31N,31.399,-80.869,7/21/17,6:17,491.6,2,11.68,401.2,2,10.94,1016.4,28.3,98.17,28.098,35.985,497.4,405.6,479.2,390.7,88.5,480.7,391.9,88.8,7.994,2,0.564,2,0.976,2,197.3,2
GRAYSRF_81W_31N,31.399,-80.869,7/21/17,9:17,493,2,11.44,400.7,2,10.75,1015.8,28.1,98.16,27.847,36.092,498.7,405,480.4,390.2,90.3,481.9,391.4,90.6,7.992,2,-999,5,0.981,2,197.1,2
GRAYSRF_81W_31N,31.399,-80.869,7/21/17,12:17,492,2,11.93,414.5,2,11.38,1017.3,27.8,98.17,27.789,36.091,497.9,419.3,480.5,404.6,75.9,482,405.8,76.1,7.992,2,-999,5,0.906,2,195.5,2
GRAYSRF_81W_31N,31.399,-80.869,7/21/17,15:17,520.2,2,14.07,408.3,2,12.58,1018.6,31.7,98,27.998,36.034,527.6,413.5,509.5,399.3,110.3,511.1,400.5,110.6,7.992,2,-999,5,0.883,2,196.6,2
GRAYSRF_81W_31N,31.399,-80.869,7/21/17,18:17,531.8,2,14.49,405,2,12.17,1017.1,36.7,97.91,28.757,36.075,539.6,410,519.5,394.7,124.8,521.1,395.9,125.2,7.98,2,-999,5,0.844,2,197.9,2
GRAYSRF_81W_31N,31.399,-80.869,7/21/17,21:17,507.9,2,15.14,401,2,12.75,1015.7,35.3,97.75,28.203,35.916,515.7,406.1,496.3,390.9,105.4,497.8,392.1,105.8,7.991,2,-999,5,0.857,2,199.4,2
GRAYSRF_81W_31N,31.399,-80.869,7/22/17,0:17,493.8,2,13.67,401.3,2,11.99,1016.1,30.9,97.92,28.186,36.054,500.6,406.2,482.1,391.1,91,483.6,392.3,91.3,7.994,2,-999,5,1.024,2,199.3,2
GRAYSRF_81W_31N,31.399,-80.869,7/22/17,3:17,492,2,12.15,403.7,2,11.24,1017.3,28.8,98.07,27.726,36.156,498,408.3,480.6,394,86.6,482.1,395.2,86.9,7.996,2,0.647,2,1.154,2,199.9,2
GRAYSRF_81W_31N,31.399,-80.869,7/22/17,6:17,493.3,2,11.85,403.2,2,11.2,1016,28.4,98.07,28.02,35.987,499.2,407.7,480.8,392.7,88.1,482.2,393.9,88.4,7.991,2,0.635,2,1.118,2,199,2
GRAYSRF_81W_31N,31.399,-80.869,7/22/17,9:17,491.2,2,11.74,403.9,2,11.02,1015.5,28.2,98.08,27.929,36.002,497.1,408.4,478.6,393.2,85.3,480.1,394.5,85.6,8,2,-999,5,1.068,2,198.5,2
GRAYSRF_81W_31N,31.399,-80.869,7/22/17,12:17,490.4,2,11.85,407.7,2,10.62,1017.1,27.8,98.02,27.825,36.017,496.3,412.1,478.7,397.5,81.2,480.2,398.8,81.4,7.993,2,-999,5,1.05,2,196.9,2
GRAYSRF_81W_31N,31.399,-80.869,7/22/17,15:17,489.9,2,12.45,408.8,2,10.63,1018.5,29.3,97.94,27.942,35.998,496.1,413.2,479.1,399,80.1,480.6,400.2,80.3,7.997,2,-999,5,0.989,2,199.3,2
GRAYSRF_81W_31N,31.399,-80.869,7/22/17,18:17,511.3,2,14.2,402,2,11.8,1016.4,33.9,97.98,28.525,35.95,518.7,406.7,499.2,391.5,107.8,500.8,392.7,108.1,7.99,2,-999,5,0.901,2,198.8,2
GRAYSRF_81W_31N,31.399,-80.869,7/22/17,21:17,502.5,2,13.15,403.2,2,12.05,1015.1,32,98.21,28.689,36.019,509.2,408.1,489.3,392.1,97.2,490.8,393.3,97.5,7.988,2,-999,5,0.844,2,200.7,2
GRAYSRF_81W_31N,31.399,-80.869,7/23/17,0:17,488.1,2,12.08,400.4,2,11.07,1014.9,29.7,98.02,27.823,36.125,494.1,404.9,475.5,389.7,85.8,477,390.9,86.1,7.995,2,-999,5,0.877,2,201.1,2
GRAYSRF_81W_31N,31.399,-80.869,7/23/17,3:17,483.2,2,11.62,405.5,2,10.73,1015.6,28.2,98.28,27.294,36.188,488.9,409.9,471.4,395.2,76.1,472.9,396.5,76.4,8.002,2,0.615,2,0.87,2,202.8,2
GRAYSRF_81W_31N,31.399,-80.869,7/23/17,6:17,485.5,2,11.37,406.1,2,10.76,1015.4,27.6,104.52,27.182,36.134,491.1,410.5,473.5,395.8,77.7,475,397,78,8.002,2,0.645,2,0.858,2,-999,4
GRAYSRF_81W_31N,31.399,-80.869,7/23/17,9:17,484.5,2,10.72,408.6,2,10.48,1014.7,27.6,100.12,26.825,36.205,489.7,413,472.2,398.2,74,473.7,399.4,74.3,8.001,2,-999,5,0.865,2,-999,4
GRAYSRF_81W_31N,31.399,-80.869,7/23/17,12:17,489,2,11.28,414.5,2,10.84,1015.9,27.5,98.8,26.775,36.232,494.5,419.1,477.5,404.6,72.9,479,405.9,73.1,8,2,-999,5,0.83,2,-999,4
GRAYSRF_81W_31N,31.399,-80.869,7/23/17,15:17,492.6,2,11.71,413.5,2,10.93,1015.4,28.2,97.93,27.472,36.096,498.4,418.1,480.3,402.9,77.4,481.8,404.2,77.6,7.999,2,-999,5,0.791,2,-999,4
GRAYSRF_81W_31N,31.399,-80.869,7/23/17,18:17,500.2,2,12.14,420.3,2,11.42,1015.7,29.2,96.56,27.98,35.953,506.3,425.1,487.5,409.3,78.2,489,410.6,78.4,7.988,2,-999,5,0.738,2,-999,4